Workbook

Sheet FLC Cầu Giấy
I1: Mã hiệu: SBL.KDBL.QT.BM.01.02 Lần ban hành: 01 Ngày ban hành: 22/03/2018
A2: BẢNG CHÊNH LỆCH HÀNG HÓA KIỂM KÊ
A6: STT | B6: Loại Hàng | C6: Mã sản phẩm | D6: Mã Barcode | E6: Tên sản phẩm | F6: Giá bán lẻ | G6: Số lượng tồn phần mềm | H6: Số lượng tồn thực tế | I6: Chênh lệch | M6: Lý do ST giải trình | N6: Ngày điều chỉnh
I7: Chênh lệch thừa | K7: Chênh lệch thiếu
I8: Số lượng | J8: Trị giá thừa | K8: Số lượng | L8: Trị giá thiếu
A12: Tổng | I12: =SUM(I9:I11) -> 0 | J12: =SUM(J9:J11) -> 0 | K12: =SUM(K9:K11) -> 0 | L12: =SUM(L9:L11) -> 0 | N12: 44756
D14: Vào lúc …….giờ …….. phút, thứ ….. ngày …28…. tháng …01.. Năm 2022….
B15: Quản lý ST | D15: GSKV | F15: Trưởng nhóm kiểm kê | I15: Giám đốc ĐHBL | M15: Trưởng Phòng Kế Toán
B16: (Ký và ghi rõ họ tên) | D16: (Ký và ghi rõ họ tên) | F16: (Ký và ghi rõ họ tên) | I16: (Ký và ghi rõ họ tên) | M16: (Ký và ghi rõ họ tên)

Sheet Móng cái
I1: Mã hiệu: SBL.KDBL.QT.BM.01.02 Lần ban hành: 01 Ngày ban hành: 22/03/2018
A2: BẢNG CHÊNH LỆCH HÀNG HÓA KIỂM KÊ
A6: STT | B6: Loại Hàng | C6: Mã sản phẩm | D6: Mã Barcode | E6: Tên sản phẩm | F6: Giá bán lẻ | G6: Số lượng tồn phần mềm | H6: Số lượng tồn thực tế | I6: Chênh lệch | M6: Lý do ST giải trình | N6: Ngày điều chỉnh
I7: Chênh lệch thừa | K7: Chênh lệch thiếu
I8: Số lượng | J8: Trị giá thừa | K8: Số lượng | L8: Trị giá thiếu
A12: Tổng | I12: =SUM(I9:I11) -> 0 | J12: =SUM(J9:J11) -> 0 | K12: =SUM(K9:K11) -> 0 | L12: =SUM(L9:L11) -> 0 | N12: 44993
D14: Vào lúc …….giờ …….. phút, thứ ….. ngày …28…. tháng …01.. Năm 2022….
B15: Quản lý ST | D15: GSKV | F15: Trưởng nhóm kiểm kê | I15: Giám đốc ĐHBL | M15: Trưởng Phòng Kế Toán
B16: (Ký và ghi rõ họ tên) | D16: (Ký và ghi rõ họ tên) | F16: (Ký và ghi rõ họ tên) | I16: (Ký và ghi rõ họ tên) | M16: (Ký và ghi rõ họ tên)

Sheet Nguyễn Văn Lộc
I1: Mã hiệu: SBL.KDBL.QT.BM.01.02 Lần ban hành: 01 Ngày ban hành: 22/03/2018
A2: BẢNG CHÊNH LỆCH HÀNG HÓA KIỂM KÊ
A6: STT | B6: Loại Hàng | C6: Mã sản phẩm | D6: Mã Barcode | E6: Tên sản phẩm | F6: Giá bán lẻ | G6: Số lượng tồn phần mềm | H6: Số lượng tồn thực tế | I6: Chênh lệch | M6: Lý do ST giải trình | N6: Ngày điều chỉnh
I7: Chênh lệch thừa | K7: Chênh lệch thiếu
I8: Số lượng | J8: Trị giá thừa | K8: Số lượng | L8: Trị giá thiếu
A10: Tổng | I10: =SUM(I9:I9) -> 0 | J10: =SUM(J9:J9) -> 0 | K10: =SUM(K9:K9) -> 0 | L10: =SUM(L9:L9) -> 0 | N10: 44777
D12: Vào lúc …….giờ …….. phút, thứ ….. ngày …28…. tháng …01.. Năm 2022….
B13: Quản lý ST | D13: GSKV | F13: Trưởng nhóm kiểm kê | I13: Giám đốc ĐHBL | M13: Trưởng Phòng Kế Toán
B14: (Ký và ghi rõ họ tên) | D14: (Ký và ghi rõ họ tên) | F14: (Ký và ghi rõ họ tên) | I14: (Ký và ghi rõ họ tên) | M14: (Ký và ghi rõ họ tên)

Sheet oceanpark
I1: Mã hiệu: SBL.KDBL.QT.BM.01.02 Lần ban hành: 01 Ngày ban hành: 22/03/2018
A2: BẢNG CHÊNH LỆCH HÀNG HÓA KIỂM KÊ
A6: STT | B6: Loại Hàng | C6: Mã sản phẩm | D6: Mã Barcode | E6: Tên sản phẩm | F6: Giá bán lẻ | G6: Số lượng tồn phần mềm | H6: Số lượng tồn thực tế | I6: Chênh lệch | M6: Lý do ST giải trình | N6: Ngày điều chỉnh
I7: Chênh lệch thừa | K7: Chênh lệch thiếu
I8: Số lượng | J8: Trị giá thừa | K8: Số lượng | L8: Trị giá thiếu
A10: Tổng | I10: =SUM(I9:I9) -> 0 | J10: =SUM(J9:J9) -> 0 | K10: =SUM(K9:K9) -> 0 | L10: =SUM(L9:L9) -> 0 | N10: 44838
D12: Vào lúc …….giờ …….. phút, thứ ….. ngày …28…. tháng …01.. Năm 2022….
B13: Quản lý ST | D13: GSKV | F13: Trưởng nhóm kiểm kê | I13: Giám đốc ĐHBL | M13: Trưởng Phòng Kế Toán
B14: (Ký và ghi rõ họ tên) | D14: (Ký và ghi rõ họ tên) | F14: (Ký và ghi rõ họ tên) | I14: (Ký và ghi rõ họ tên) | M14: (Ký và ghi rõ họ tên)

Sheet Ecopark
I1: Mã hiệu: SBL.KDBL.QT.BM.01.02 Lần ban hành: 01 Ngày ban hành: 22/03/2018
A2: BẢNG CHÊNH LỆCH HÀNG HÓA KIỂM KÊ
A6: STT | B6: Loại Hàng | C6: Mã sản phẩm | D6: Mã Barcode | E6: Tên sản phẩm | F6: Giá bán lẻ | G6: Số lượng tồn phần mềm | H6: Số lượng tồn thực tế | I6: Chênh lệch | M6: Lý do ST giải trình | N6: Ngày điều chỉnh
I7: Chênh lệch thừa | K7: Chênh lệch thiếu
I8: Số lượng | J8: Trị giá thừa | K8: Số lượng | L8: Trị giá thiếu
A11: Tổng | I11: =SUM(I9:I10) -> 0 | J11: =SUM(J9:J10) -> 0 | K11: =SUM(K9:K10) -> 0 | L11: =SUM(L9:L10) -> 0 | N11: 45078
D13: Vào lúc …….giờ …….. phút, thứ ….. ngày …28…. tháng …01.. Năm 2022….
B14: Quản lý ST | D14: GSKV | F14: Trưởng nhóm kiểm kê | I14: Giám đốc ĐHBL | M14: Trưởng Phòng Kế Toán
B15: (Ký và ghi rõ họ tên) | D15: (Ký và ghi rõ họ tên) | F15: (Ký và ghi rõ họ tên) | I15: (Ký và ghi rõ họ tên) | M15: (Ký và ghi rõ họ tên)

Sheet Gamuda
I1: Mã hiệu: SBL.KDBL.QT.BM.01.02 Lần ban hành: 01 Ngày ban hành: 22/03/2018
A2: BẢNG CHÊNH LỆCH HÀNG HÓA KIỂM KÊ
A6: STT | B6: Loại Hàng | C6: Mã sản phẩm | D6: Mã Barcode | E6: Tên sản phẩm | F6: Giá bán lẻ | G6: Số lượng tồn phần mềm | H6: Số lượng tồn thực tế | I6: Chênh lệch | M6: Lý do ST giải trình | N6: Ngày điều chỉnh
I7: Chênh lệch thừa | K7: Chênh lệch thiếu
I8: Số lượng | J8: Trị giá thừa | K8: Số lượng | L8: Trị giá thiếu
B9: THỰC PHẨM | C9: 152848 | D9: 4990485007068 | E9: SEIKI- Bánh mochi socola trà xanh 30 chiếc | F9: 350000 | G9: -3 | H9: 0 | I9: =+H9-G9 -> 3 | J9: =+I9*F9 -> 1050000 | M9: tách set quà | N9: =TODAY() -> 46199
B10: THỰC PHẨM | C10: 153206 | D10: 4945202306102 | E10: SATOEN- Trà Sencha Special Hưng Long 20 túi (40g) | F10: 95000 | G10: -2 | H10: 0 | I10: =+H10-G10 -> 2 | J10: =+I10*F10 -> 190000 | M10: tách set quà | N10: =TODAY() -> 46199
B11: THỰC PHẨM | C11: 153250 | D11: 4902777204727 | E11: MEIJI- Socola bọc hạnh nhân 79g | F11: 95000 | G11: -2 | H11: 0 | I11: =+H11-G11 -> 2 | J11: =+I11*F11 -> 190000 | M11: tách set quà | N11: =TODAY() -> 46199
A12: Tổng | I12: =SUM(I9:I11) -> 7 | J12: =SUM(J9:J11) -> 1430000 | K12: =SUM(K9:K11) -> 0 | L12: =SUM(L9:L11) -> 0 | N12: =TODAY() -> 46199
D14: Vào lúc …….giờ …….. phút, thứ ….. ngày …28…. tháng …01.. Năm 2022….
B15: Quản lý ST | D15: GSKV | F15: Trưởng nhóm kiểm kê | I15: Giám đốc ĐHBL | M15: Trưởng Phòng Kế Toán
B16: (Ký và ghi rõ họ tên) | D16: (Ký và ghi rõ họ tên) | F16: (Ký và ghi rõ họ tên) | I16: (Ký và ghi rõ họ tên) | M16: (Ký và ghi rõ họ tên)

Sheet các mã không điều chỉnh
I1: Mã hiệu: SBL.KDBL.QT.BM.01.02 Lần ban hành: 01 Ngày ban hành: 22/03/2018
A2: BẢNG CHÊNH LỆCH HÀNG HÓA KIỂM KÊ
A6: STT | B6: Loại Hàng | C6: Mã sản phẩm | D6: Mã Barcode | E6: Tên sản phẩm | F6: Giá bán lẻ | G6: Số lượng tồn phần mềm | H6: Số lượng tồn thực tế | I6: Chênh lệch | M6: Lý do ST giải trình | N6: Ngày điều chỉnh
I7: Chênh lệch thừa | K7: Chênh lệch thiếu
I8: Số lượng | J8: Trị giá thừa | K8: Số lượng | L8: Trị giá thiếu
B9: THỰC PHẨM | C9: 153144 | D9: 4539114075230 | E9: VALOR SELECT- Dầu ăn hạt cải không cholesterol 1L | F9: 99000 | G9: 1 | H9: 0 | K9: -1 | L9: =+K9*F9 -> -99000 | M9: Bị mất | N9: 45276
A10: Tổng | I10: =SUM(I9:I9) -> 0 | J10: =SUM(J9:J9) -> 0 | K10: =SUM(K9:K9) -> -1 | L10: =SUM(L9:L9) -> -99000 | N10: 45276
D12: Vào lúc …….giờ …….. phút, thứ ….. ngày …28…. tháng …01.. Năm 2022….
B13: Quản lý ST | D13: GSKV | F13: Trưởng nhóm kiểm kê | I13: Giám đốc ĐHBL | M13: Trưởng Phòng Kế Toán
B14: (Ký và ghi rõ họ tên) | D14: (Ký và ghi rõ họ tên) | F14: (Ký và ghi rõ họ tên) | I14: (Ký và ghi rõ họ tên) | M14: (Ký và ghi rõ họ tên)

Sheet Hà Giang
I1: Mã hiệu: SBL.KDBL.QT.BM.01.02 Lần ban hành: 01 Ngày ban hành: 22/03/2018
A2: BẢNG CHÊNH LỆCH HÀNG HÓA KIỂM KÊ
A6: STT | B6: Loại Hàng | C6: Mã sản phẩm | D6: Mã Barcode | E6: Tên sản phẩm | F6: Giá bán lẻ | G6: Số lượng tồn phần mềm | H6: Số lượng tồn thực tế | I6: Chênh lệch | M6: Lý do ST giải trình | N6: Ngày điều chỉnh
I7: Chênh lệch thừa | K7: Chênh lệch thiếu
I8: Số lượng | J8: Trị giá thừa | K8: Số lượng | L8: Trị giá thiếu
B9: CHĂM SÓC SẮC ĐẸP | C9: 101712 | D9: 4513574036611 | E9: KUMANO YUSHI- Sữa dưỡng thể CN ý dĩ SPF 31(400ml) | F9: 320000 | G9: -1 | H9: 0 | I9: 1 | J9: 320000 | M9: tăng | N9: =TODAY() -> 46199
B10: CHĂM SÓC SẮC ĐẸP | C10: 101794 | D10: 4550516705464 | E10: SHISEIDO-Sữa rửa mặt Senka VitaC làm sáng da 100g | F10: 115000 | G10: -1 | H10: 0 | I10: 1 | J10: 115000 | M10: 101937 | N10: =TODAY() -> 46199
B11: CHĂM SÓC SẮC ĐẸP | C11: 101937 | D11: 1011042312005 | E11: SHISEIDO- Set SRM Senka Acnes + UNO hot clear gel | F11: 119000 | G11: 1 | H11: 0 | K11: -1 | L11: =+K11*F11 -> -119000 | N11: =TODAY() -> 46199
A12: Tổng | I12: =SUM(I9:I11) -> 2 | J12: =SUM(J9:J11) -> 435000 | K12: =SUM(K9:K11) -> -1 | L12: =SUM(L9:L11) -> -119000 | N12: =TODAY() -> 46199
D14: Vào lúc …….giờ …….. phút, thứ ….. ngày …28…. tháng …01.. Năm 2022….
B15: Quản lý ST | D15: GSKV | F15: Trưởng nhóm kiểm kê | I15: Giám đốc ĐHBL | M15: Trưởng Phòng Kế Toán
B16: (Ký và ghi rõ họ tên) | D16: (Ký và ghi rõ họ tên) | F16: (Ký và ghi rõ họ tên) | I16: (Ký và ghi rõ họ tên) | M16: (Ký và ghi rõ họ tên)

Sheet Lạng Sơn
I1: Mã hiệu: SBL.KDBL.QT.BM.01.02 Lần ban hành: 01 Ngày ban hành: 22/03/2018
A2: BẢNG CHÊNH LỆCH HÀNG HÓA KIỂM KÊ
A6: STT | B6: Loại Hàng | C6: Mã sản phẩm | D6: Mã Barcode | E6: Tên sản phẩm | F6: Giá bán lẻ | G6: Số lượng tồn phần mềm | H6: Số lượng tồn thực tế | I6: Chênh lệch | M6: Lý do ST giải trình | N6: Ngày điều chỉnh
I7: Chênh lệch thừa | K7: Chênh lệch thiếu
I8: Số lượng | J8: Trị giá thừa | K8: Số lượng | L8: Trị giá thiếu
A14: Tổng | I14: =SUM(I9:I13) -> 0 | J14: =SUM(J9:J13) -> 0 | K14: =SUM(K9:K13) -> 0 | L14: =SUM(L9:L13) -> 0 | N14: 44993
D16: Vào lúc …….giờ …….. phút, thứ ….. ngày …28…. tháng …01.. Năm 2022….
B17: Quản lý ST | D17: GSKV | F17: Trưởng nhóm kiểm kê | I17: Giám đốc ĐHBL | M17: Trưởng Phòng Kế Toán
B18: (Ký và ghi rõ họ tên) | D18: (Ký và ghi rõ họ tên) | F18: (Ký và ghi rõ họ tên) | I18: (Ký và ghi rõ họ tên) | M18: (Ký và ghi rõ họ tên)

Sheet Thanh Hóa
I1: Mã hiệu: SBL.KDBL.QT.BM.01.02 Lần ban hành: 01 Ngày ban hành: 22/03/2018
A2: BẢNG CHÊNH LỆCH HÀNG HÓA KIỂM KÊ
A6: STT | B6: Loại Hàng | C6: Mã sản phẩm | D6: Mã Barcode | E6: Tên sản phẩm | F6: Giá bán lẻ | G6: Số lượng tồn phần mềm | H6: Số lượng tồn thực tế | I6: Chênh lệch | M6: Lý do ST giải trình | N6: ghi chú
I7: Chênh lệch thừa | K7: Chênh lệch thiếu
I8: Số lượng | J8: Trị giá thừa | K8: Số lượng | L8: Trị giá thiếu
A21: Tổng | I21: =SUM(I9:I20) -> 0 | J21: =SUM(J9:J20) -> 0 | K21: =SUM(K9:K20) -> 0 | L21: =SUM(L9:L20) -> 0 | N21: 45309
D23: Vào lúc …….giờ …….. phút, thứ ….. ngày …28…. tháng …01.. Năm 2022….
B24: Quản lý ST | D24: GSKV | F24: Trưởng nhóm kiểm kê | I24: Giám đốc ĐHBL | M24: Trưởng Phòng Kế Toán
B25: (Ký và ghi rõ họ tên) | D25: (Ký và ghi rõ họ tên) | F25: (Ký và ghi rõ họ tên) | I25: (Ký và ghi rõ họ tên) | M25: (Ký và ghi rõ họ tên)

Sheet Sài Đồng
I1: Mã hiệu: SBL.KDBL.QT.BM.01.02 Lần ban hành: 01 Ngày ban hành: 22/03/2018
A2: BẢNG CHÊNH LỆCH HÀNG HÓA KIỂM KÊ
A6: STT | B6: Loại Hàng | C6: Mã sản phẩm | D6: Mã Barcode | E6: Tên sản phẩm | F6: Giá bán lẻ | G6: Số lượng tồn phần mềm | H6: Số lượng tồn thực tế | I6: Chênh lệch | M6: Lý do ST giải trình | N6: Ngày điều chỉnh
I7: Chênh lệch thừa | K7: Chênh lệch thiếu
I8: Số lượng | J8: Trị giá thừa | K8: Số lượng | L8: Trị giá thiếu
A33: Tổng | I33: =SUM(I9:I32) -> 0 | J33: =SUM(J9:J32) -> 0 | K33: =SUM(K9:K32) -> 0 | L33: =SUM(L9:L32) -> 0 | N33: 45264
D35: Vào lúc …….giờ …….. phút, thứ ….. ngày …28…. tháng …01.. Năm 2022….
B36: Quản lý ST | D36: GSKV | F36: Trưởng nhóm kiểm kê | I36: Giám đốc ĐHBL | M36: Trưởng Phòng Kế Toán
B37: (Ký và ghi rõ họ tên) | D37: (Ký và ghi rõ họ tên) | F37: (Ký và ghi rõ họ tên) | I37: (Ký và ghi rõ họ tên) | M37: (Ký và ghi rõ họ tên)

Sheet SĐ
I1: Mã hiệu: SBL.KDBL.QT.BM.01.02 Lần ban hành: 01 Ngày ban hành: 22/03/2018
A2: BẢNG CHÊNH LỆCH HÀNG HÓA KIỂM KÊ
A6: STT | B6: Loại Hàng | C6: Mã sản phẩm | D6: Mã Barcode | E6: Tên sản phẩm | F6: Giá bán lẻ | G6: Số lượng tồn phần mềm | H6: Số lượng tồn thực tế | I6: Chênh lệch | M6: Lý do ST giải trình | N6: Ngày điều chỉnh
I7: Chênh lệch thừa | K7: Chênh lệch thiếu
I8: Số lượng | J8: Trị giá thừa | K8: Số lượng | L8: Trị giá thiếu
A23: Tổng | I23: =SUM(I9:I22) -> 0 | J23: =SUM(J9:J22) -> 0 | K23: =SUM(K9:K22) -> 0 | L23: =SUM(L9:L22) -> 0 | N23: 45314
D25: Vào lúc …….giờ …….. phút, thứ ….. ngày …28…. tháng …01.. Năm 2022….
B26: Quản lý ST | D26: GSKV | F26: Trưởng nhóm kiểm kê | I26: Giám đốc ĐHBL | M26: Trưởng Phòng Kế Toán
B27: (Ký và ghi rõ họ tên) | D27: (Ký và ghi rõ họ tên) | F27: (Ký và ghi rõ họ tên) | I27: (Ký và ghi rõ họ tên) | M27: (Ký và ghi rõ họ tên)

Sheet Vĩnh Phúc
I1: Mã hiệu: SBL.KDBL.QT.BM.01.02 Lần ban hành: 01 Ngày ban hành: 22/03/2018
A2: BẢNG CHÊNH LỆCH HÀNG HÓA KIỂM KÊ
A6: STT | B6: Loại Hàng | C6: Mã sản phẩm | D6: Mã Barcode | E6: Tên sản phẩm | F6: Giá bán lẻ | G6: Số lượng tồn phần mềm | H6: Số lượng tồn thực tế | I6: Chênh lệch | M6: Lý do ST giải trình | N6: Ngày điều chỉnh
I7: Chênh lệch thừa | K7: Chênh lệch thiếu
I8: Số lượng | J8: Trị giá thừa | K8: Số lượng | L8: Trị giá thiếu
A18: Tổng | I18: =SUM(I9:I17) -> 0 | J18: =SUM(J9:J17) -> 0 | K18: =SUM(K9:K17) -> 0 | L18: =SUM(L9:L17) -> 0 | N18: 44739
D20: Vào lúc …….giờ …….. phút, thứ ….. ngày …28…. tháng …01.. Năm 2022….
B21: Quản lý ST | D21: GSKV | F21: Trưởng nhóm kiểm kê | I21: Giám đốc ĐHBL | M21: Trưởng Phòng Kế Toán
B22: (Ký và ghi rõ họ tên) | D22: (Ký và ghi rõ họ tên) | F22: (Ký và ghi rõ họ tên) | I22: (Ký và ghi rõ họ tên) | M22: (Ký và ghi rõ họ tên)

Sheet Tuyên Quang
I1: Mã hiệu: SBL.KDBL.QT.BM.01.02 Lần ban hành: 01 Ngày ban hành: 22/03/2018
A2: BẢNG CHÊNH LỆCH HÀNG HÓA KIỂM KÊ
A6: STT | B6: Loại Hàng | C6: Mã sản phẩm | D6: Mã Barcode | E6: Tên sản phẩm | F6: Giá bán lẻ | G6: Số lượng tồn phần mềm | H6: Số lượng tồn thực tế | I6: Chênh lệch | M6: Lý do ST giải trình | N6: Ngày điều chỉnh
I7: Chênh lệch thừa | K7: Chênh lệch thiếu
I8: Số lượng | J8: Trị giá thừa | K8: Số lượng | L8: Trị giá thiếu
B9: ĐỒ CHO MẸ BÉ | C9: 121520 | D9: 1217032304283 | E9: ANYZOO- Yếm quàng cổ cúc bấm cho bé | F9: 25000 | G9: -2 | H9: 0 | I9: 2 | J9: =+I9*F9 -> 50000 | M9: tăng | N9: 45239
A10: Tổng | I10: =SUM(I9:I9) -> 2 | J10: =SUM(J9:J9) -> 50000 | K10: =SUM(K9:K9) -> 0 | L10: =SUM(L9:L9) -> 0 | N10: 45239
D12: Vào lúc …….giờ …….. phút, thứ ….. ngày …28…. tháng …01.. Năm 2022….
B13: Quản lý ST | D13: GSKV | F13: Trưởng nhóm kiểm kê | I13: Giám đốc ĐHBL | M13: Trưởng Phòng Kế Toán
B14: (Ký và ghi rõ họ tên) | D14: (Ký và ghi rõ họ tên) | F14: (Ký và ghi rõ họ tên) | I14: (Ký và ghi rõ họ tên) | M14: (Ký và ghi rõ họ tên)

Sheet Đồng Hới
I1: Mã hiệu: SBL.KDBL.QT.BM.01.02 Lần ban hành: 01 Ngày ban hành: 22/03/2018
A2: BẢNG CHÊNH LỆCH HÀNG HÓA KIỂM KÊ
A6: STT | B6: Loại Hàng | C6: Mã sản phẩm | D6: Mã Barcode | E6: Tên sản phẩm | F6: Giá bán lẻ | G6: Số lượng tồn phần mềm | H6: Số lượng tồn thực tế | I6: Chênh lệch | M6: Lý do ST giải trình | N6: Ngày điều chỉnh
I7: Chênh lệch thừa | K7: Chênh lệch thiếu
I8: Số lượng | J8: Trị giá thừa | K8: Số lượng | L8: Trị giá thiếu
B9: NHÀ CỬA ĐỜI SỐNG | C9: 134011 | D9: 4987176140296 | E9: P&G- Viên giặt xả Gel Bold 3D hương hoa xanh 36v | F9: 205000 | G9: -1 | H9: 0 | I9: 1 | J9: 205000 | M9: 134010 | N9: 45239
B10: NHÀ CỬA ĐỜI SỐNG | C10: 134010 | D10: 4987176140203 | E10: P&G- Viên giặt xả Gel Bold 4D hương hoa hồng 36v | F10: 205000 | G10: 1 | H10: 0 | K10: -1 | L10: =+K10*F10 -> -205000 | N10: 45239
A11: Tổng | I11: =SUM(I9:I10) -> 1 | J11: =SUM(J9:J10) -> 205000 | K11: =SUM(K9:K10) -> -1 | L11: =SUM(L9:L10) -> -205000 | N11: 45239
D13: Vào lúc …….giờ …….. phút, thứ ….. ngày …28…. tháng …01.. Năm 2022….
B14: Quản lý ST | D14: GSKV | F14: Trưởng nhóm kiểm kê | I14: Giám đốc ĐHBL | M14: Trưởng Phòng Kế Toán
B15: (Ký và ghi rõ họ tên) | D15: (Ký và ghi rõ họ tên) | F15: (Ký và ghi rõ họ tên) | I15: (Ký và ghi rõ họ tên) | M15: (Ký và ghi rõ họ tên)

Sheet Bắc Ninh
I1: Mã hiệu: SBL.KDBL.QT.BM.01.02 Lần ban hành: 01 Ngày ban hành: 22/03/2018
A2: BẢNG CHÊNH LỆCH HÀNG HÓA KIỂM KÊ
A6: STT | B6: Loại Hàng | C6: Mã sản phẩm | D6: Mã Barcode | E6: Tên sản phẩm | F6: Giá bán lẻ | G6: Số lượng tồn phần mềm | H6: Số lượng tồn thực tế | I6: Chênh lệch | M6: Lý do ST giải trình | N6: Ngày điều chỉnh
I7: Chênh lệch thừa | K7: Chênh lệch thiếu
I8: Số lượng | J8: Trị giá thừa | K8: Số lượng | L8: Trị giá thiếu
A19: Tổng | I19: =SUM(I9:I18) -> 0 | J19: =SUM(J9:J18) -> 0 | K19: =SUM(K9:K18) -> 0 | L19: =SUM(L9:L18) -> 0 | N19: 45117
D21: Vào lúc …….giờ …….. phút, thứ ….. ngày …28…. tháng …01.. Năm 2022….
B22: Quản lý ST | D22: GSKV | F22: Trưởng nhóm kiểm kê | I22: Giám đốc ĐHBL | M22: Trưởng Phòng Kế Toán
B23: (Ký và ghi rõ họ tên) | D23: (Ký và ghi rõ họ tên) | F23: (Ký và ghi rõ họ tên) | I23: (Ký và ghi rõ họ tên) | M23: (Ký và ghi rõ họ tên)

Sheet Hải Phòng
I1: Mã hiệu: SBL.KDBL.QT.BM.01.02 Lần ban hành: 01 Ngày ban hành: 22/03/2018
A2: BẢNG CHÊNH LỆCH HÀNG HÓA KIỂM KÊ
A6: STT | B6: Loại Hàng | C6: Mã sản phẩm | D6: Mã Barcode | E6: Tên sản phẩm | F6: Giá bán lẻ | G6: Số lượng tồn phần mềm | H6: Số lượng tồn thực tế | I6: Chênh lệch | M6: Lý do ST giải trình | N6: Ngày điều chỉnh
I7: Chênh lệch thừa | K7: Chênh lệch thiếu
I8: Số lượng | J8: Trị giá thừa | K8: Số lượng | L8: Trị giá thiếu
A10: Tổng | I10: =SUM(I9:I9) -> 0 | J10: =SUM(J9:J9) -> 0 | K10: =SUM(K9:K9) -> 0 | L10: =SUM(L9:L9) -> 0 | N10: 44812
D12: Vào lúc …….giờ …….. phút, thứ ….. ngày …28…. tháng …01.. Năm 2022….
B13: Quản lý ST | D13: GSKV | F13: Trưởng nhóm kiểm kê | I13: Giám đốc ĐHBL | M13: Trưởng Phòng Kế Toán
B14: (Ký và ghi rõ họ tên) | D14: (Ký và ghi rõ họ tên) | F14: (Ký và ghi rõ họ tên) | I14: (Ký và ghi rõ họ tên) | M14: (Ký và ghi rõ họ tên)

Sheet Đông Anh
I1: Mã hiệu: SBL.KDBL.QT.BM.01.02 Lần ban hành: 01 Ngày ban hành: 22/03/2018
A2: BẢNG CHÊNH LỆCH HÀNG HÓA KIỂM KÊ
A6: STT | B6: Loại Hàng | C6: Mã sản phẩm | D6: Mã Barcode | E6: Tên sản phẩm | F6: Giá bán lẻ | G6: Số lượng tồn phần mềm | H6: Số lượng tồn thực tế | I6: Chênh lệch | M6: Lý do ST giải trình | N6: Ngày điều chỉnh
I7: Chênh lệch thừa | K7: Chênh lệch thiếu
I8: Số lượng | J8: Trị giá thừa | K8: Số lượng | L8: Trị giá thiếu
A10: Tổng | I10: =SUM(I9:I9) -> 0 | J10: =SUM(J9:J9) -> 0 | K10: =SUM(K9:K9) -> 0 | L10: =SUM(L9:L9) -> 0 | N10: 45023
D12: Vào lúc …….giờ …….. phút, thứ ….. ngày …28…. tháng …01.. Năm 2022….
B13: Quản lý ST | D13: GSKV | F13: Trưởng nhóm kiểm kê | I13: Giám đốc ĐHBL | M13: Trưởng Phòng Kế Toán
B14: (Ký và ghi rõ họ tên) | D14: (Ký và ghi rõ họ tên) | F14: (Ký và ghi rõ họ tên) | I14: (Ký và ghi rõ họ tên) | M14: (Ký và ghi rõ họ tên)

Sheet NVL
I1: Mã hiệu: SBL.KDBL.QT.BM.01.02 Lần ban hành: 01 Ngày ban hành: 22/03/2018
A2: BẢNG CHÊNH LỆCH HÀNG HÓA KIỂM KÊ
A6: STT | B6: Loại Hàng | C6: Mã sản phẩm | D6: Mã Barcode | E6: Tên sản phẩm | F6: Giá bán lẻ | G6: Số lượng tồn phần mềm | H6: Số lượng tồn thực tế | I6: Chênh lệch | M6: Lý do ST giải trình | N6: Ngày điều chỉnh
I7: Chênh lệch thừa | K7: Chênh lệch thiếu
I8: Số lượng | J8: Trị giá thừa | K8: Số lượng | L8: Trị giá thiếu
A21: Tổng | I21: =SUM(I9:I20) -> 0 | J21: =SUM(J9:J20) -> 0 | K21: =SUM(K9:K20) -> 0 | L21: =SUM(L9:L20) -> 0 | N21: 44756
D23: Vào lúc …….giờ …….. phút, thứ ….. ngày …28…. tháng …01.. Năm 2022….
B24: Quản lý ST | D24: GSKV | F24: Trưởng nhóm kiểm kê | I24: Giám đốc ĐHBL | M24: Trưởng Phòng Kế Toán
B25: (Ký và ghi rõ họ tên) | D25: (Ký và ghi rõ họ tên) | F25: (Ký và ghi rõ họ tên) | I25: (Ký và ghi rõ họ tên) | M25: (Ký và ghi rõ họ tên)

Sheet Ba Đồn
I1: Mã hiệu: SBL.KDBL.QT.BM.01.02 Lần ban hành: 01 Ngày ban hành: 22/03/2018
A2: BẢNG CHÊNH LỆCH HÀNG HÓA KIỂM KÊ
A6: STT | B6: Loại Hàng | C6: Mã sản phẩm | D6: Mã Barcode | E6: Tên sản phẩm | F6: Giá bán lẻ | G6: Số lượng tồn phần mềm | H6: Số lượng tồn thực tế | I6: Chênh lệch | M6: Lý do ST giải trình | N6: Ngày điều chỉnh
I7: Chênh lệch thừa | K7: Chênh lệch thiếu
I8: Số lượng | J8: Trị giá thừa | K8: Số lượng | L8: Trị giá thiếu
B9: CHĂM SÓC SỨC KHỎE | C9: 110447 | D9: 4971493001880 | E9: ORIHIRO- Trà giảm mỡ bụng Genpi (3g x 60 gói) | F9: 180000 | G9: 4 | H9: 0 | K9: =+H9-G9 -> -4 | L9: =+K9*F9 -> -720000 | M9: ko rõ nguyên nhân | N9: 45240
B10: CHĂM SÓC SỨC KHỎE | C10: 110081 | D10: 4937224925658 | E10: JAPAN ALGAE- Tảo xoắn SPIRULINA 2200 viên | F10: 495000 | G10: 5 | H10: 3 | K10: =+H10-G10 -> -2 | L10: =+K10*F10 -> -990000 | M10: ko rõ nguyên nhân | N10: 45240
B11: CHĂM SÓC SỨC KHỎE | C11: 110304 | D11: 4511413404133 | E11: DHC- Viên bổ sung vitaminC 120 viên | F11: 140000 | G11: 12 | H11: 10 | K11: =+H11-G11 -> -2 | L11: =+K11*F11 -> -280000 | M11: ko rõ nguyên nhân | N11: 45240
B12: CHĂM SÓC SỨC KHỎE | C12: 110402 | D12: 4987415993508 | E12: SHISEIDO- The Collagen EXR (50ml x 10 lọ) | F12: 899000 | G12: 13 | H12: 11 | K12: =+H12-G12 -> -2 | L12: =+K12*F12 -> -1798000 | M12: ko rõ nguyên nhân | N12: 45240
B13: CHĂM SÓC SỨC KHỎE | C13: 110537 | D13: 4589622170972 | E13: Viên Uống Chống Nắng UV Plus+ Block100 (45v) | F13: 375000 | G13: 3 | H13: 1 | K13: =+H13-G13 -> -2 | L13: =+K13*F13 -> -750000 | M13: ko rõ nguyên nhân | N13: 45240
B14: CHĂM SÓC SỨC KHỎE | C14: 110688 | D14: 4573533690384 | E14: PILLBOX- Viên giải rượu Kanpai Ukon Gold 5v New | F14: 145000 | G14: 7 | H14: 5 | K14: =+H14-G14 -> -2 | L14: =+K14*F14 -> -290000 | M14: ko rõ nguyên nhân | N14: 45240
B15: CHĂM SÓC SỨC KHỎE | C15: 176444 | D15: 4902087156587 | E15: TAMANOI- Dấm giảm cân dấm táo&mật ong vị mơ 500ml | F15: 129000 | G15: 2 | H15: 0 | K15: =+H15-G15 -> -2 | L15: =+K15*F15 -> -258000 | M15: ko rõ nguyên nhân | N15: 45240
B16: CHĂM SÓC SỨC KHỎE | C16: 110079 | D16: 4937224924613 | E16: JAPAN ALGAE- Tảo xoắn Spirulina bổ sung SGF 1500v | F16: 450000 | G16: 2 | H16: 1 | K16: =+H16-G16 -> -1 | L16: =+K16*F16 -> -450000 | M16: ko rõ nguyên nhân | N16: 45240
B17: CHĂM SÓC SỨC KHỎE | C17: 110080 | D17: 4937224925634 | E17: JAPAN ALGAE- Tảo xoắn SPIRULINA Nhật Bản1500Vviên | F17: 420000 | G17: 1 | H17: 0 | K17: =+H17-G17 -> -1 | L17: =+K17*F17 -> -420000 | M17: ko rõ nguyên nhân | N17: 45240
B18: CHĂM SÓC SỨC KHỎE | C18: 110246 | D18: 4589788400012 | E18: GH CREATION- Viên uống tăng chiều cao 270 viên | F18: 890000 | G18: 2 | H18: 1 | K18: =+H18-G18 -> -1 | L18: =+K18*F18 -> -890000 | M18: ko rõ nguyên nhân | N18: 45240
B19: CHĂM SÓC SỨC KHỎE | C19: 110311 | D19: 4562193140575 | E19: NOGUCHI- Viên b.sung DHA&EPA chứa bạch quả 60v | F19: 550000 | G19: 2 | H19: 1 | K19: =+H19-G19 -> -1 | L19: =+K19*F19 -> -550000 | M19: ko rõ nguyên nhân | N19: 45240
B20: CHĂM SÓC SỨC KHỎE | C20: 110403 | D20: 4987415993454 | E20: SHISEIDO- The Collagen NEW (50ml x 10 lọ) | F20: 595000 | G20: 3 | H20: 2 | K20: =+H20-G20 -> -1 | L20: =+K20*F20 -> -595000 | M20: ko rõ nguyên nhân | N20: 45240
... B25: CHĂM SÓC SỨC KHỎE | C25: 174051 | D25: 4987107619792 | E25: TRANSINO- Viên uống trị nám White C Clear 120v | F25: 550000 | G25: 9 | H25: 8 | K25: =+H25-G25 -> -1 | L25: =+K25*F25 -> -550000 | M25: ko rõ nguyên nhân | N25: 45240
B26: CHĂM SÓC SỨC KHỎE | C26: 230095 | D26: 2301012209008 | E26: IKIMOTO-Viên chống lão hóa trẻ tế bàoNMN15000+ 90v | F26: 4250000 | G26: 1 | H26: 0 | K26: =+H26-G26 -> -1 | L26: =+K26*F26 -> -4250000 | N26: 45240
B27: CHĂM SÓC SỨC KHỎE | C27: 110472 | D27: 4511606904853 | E27: CRESCENDO- Tảo tăng ch.cao Shinshin Kakumei 300v | F27: 450000 | G27: 0 | H27: 1 | I27: =+H27-G27 -> 1 | J27: =+I27*F27 -> 450000 | K27: =+H27-G27 -> 1 | L27: =+K27*F27 -> 450000 | M27: ko rõ nguyên nhân | N27: 45240
A28: Tổng | I28: =SUM(I9:I27) -> 1 | J28: =SUM(J9:J27) -> 450000 | K28: =SUM(K9:K27) -> -26 | L28: =SUM(L9:L27) -> -13736000 | N28: 45240
D30: Vào lúc …….giờ …….. phút, thứ ….. ngày …28…. tháng …01.. Năm 2022….
B31: Quản lý ST | D31: GSKV | F31: Trưởng nhóm kiểm kê | I31: Giám đốc ĐHBL | M31: Trưởng Phòng Kế Toán
B32: (Ký và ghi rõ họ tên) | D32: (Ký và ghi rõ họ tên) | F32: (Ký và ghi rõ họ tên) | I32: (Ký và ghi rõ họ tên) | M32: (Ký và ghi rõ họ tên)

Sheet Hạ Long (2)
I1: Mã hiệu: SBL.KDBL.QT.BM.01.02 Lần ban hành: 01 Ngày ban hành: 22/03/2018
A2: BẢNG CHÊNH LỆCH HÀNG HÓA KIỂM KÊ
A6: STT | B6: Loại Hàng | C6: Mã sản phẩm | D6: Mã Barcode | E6: Tên sản phẩm | F6: Giá bán lẻ | G6: Số lượng tồn phần mềm | H6: Số lượng tồn thực tế | I6: Chênh lệch | M6: Lý do ST giải trình | N6: Ngày điều chỉnh
I7: Chênh lệch thừa | K7: Chênh lệch thiếu
I8: Số lượng | J8: Trị giá thừa | K8: Số lượng | L8: Trị giá thiếu
B9: THỰC PHẨM | C9: 152785 | D9: 4903015500038 | E9: YBC- Snack khoai tây Chipstar vị rong biển (50g) | F9: 40000 | G9: -1 | H9: 0 | I9: 1 | J9: 40000 | M9: tăng | N9: 45142
A10: Tổng | I10: =SUM(I9:I9) -> 1 | J10: =SUM(J9:J9) -> 40000 | K10: =SUM(K9:K9) -> 0 | L10: =SUM(L9:L9) -> 0 | N10: 45142
D12: Vào lúc …….giờ …….. phút, thứ ….. ngày …28…. tháng …01.. Năm 2022….
B13: Quản lý ST | D13: GSKV | F13: Trưởng nhóm kiểm kê | I13: Giám đốc ĐHBL | M13: Trưởng Phòng Kế Toán
B14: (Ký và ghi rõ họ tên) | D14: (Ký và ghi rõ họ tên) | F14: (Ký và ghi rõ họ tên) | I14: (Ký và ghi rõ họ tên) | M14: (Ký và ghi rõ họ tên)

Sheet Thái Bình
I1: Mã hiệu: SBL.KDBL.QT.BM.01.02 Lần ban hành: 01 Ngày ban hành: 22/03/2018
A2: BẢNG CHÊNH LỆCH HÀNG HÓA KIỂM KÊ
A6: STT | B6: Loại Hàng | C6: Mã sản phẩm | D6: Mã Barcode | E6: Tên sản phẩm | F6: Giá bán lẻ | G6: Số lượng tồn phần mềm | H6: Số lượng tồn thực tế | I6: Chênh lệch | M6: Lý do ST giải trình | N6: Ngày điều chỉnh
I7: Chênh lệch thừa | K7: Chênh lệch thiếu
I8: Số lượng | J8: Trị giá thừa | K8: Số lượng | L8: Trị giá thiếu
B9: CHĂM SÓC SẮC ĐẸP | C9: 100015 | D9: 4971710306378 | E9: KOSE- Miếng lột mụn đầu đen Softymo 10 miếng | F9: 120000 | G9: -1 | H9: 0 | I9: 1 | J9: 120000 | M9: không rõ nguyên nhân | N9: 45239
B10: NHÀ CỬA ĐỜI SỐNG | C10: 130489 | D10: 4956810234806 | E10: KOKUBO- Sảp khử mùi toilet hoa oải hương 200ml | F10: 45000 | G10: -1 | H10: 0 | I10: 1 | J10: 45000 | M10: bán nhầm sang mã 130493 | N10: 45239
B11: NHÀ CỬA ĐỜI SỐNG | C11: 134045 | D11: 4546490505527 | E11: LIVING- BÌNH GIỮ NHIỆT NẮP VẶN ENJOY TRẮNG 480ML | F11: 190000 | G11: -1 | H11: 0 | I11: 1 | J11: 190000 | M11: bán nhầm sang mã 134047 | N11: 45239
B12: THỰC PHẨM | C12: 174600 | D12: 4901551368051 | E12: KRACIE- Kẹo ngậm khử mùi bạc hà the mát Frisk 35g | F12: 95000 | G12: -1 | H12: 0 | I12: 1 | J12: 95000 | M12: bán nhầm sang mã 174599 | N12: 45239
B13: NHÀ CỬA ĐỜI SỐNG | C13: 130493 | D13: 4956810234844 | E13: KOKUBO- Sáp khử mùi không khí hoa oải hương 200ml | F13: 45000 | G13: 1 | H13: 0 | K13: -1 | L13: =+K13*F13 -> -45000 | N13: 45239
B14: NHÀ CỬA ĐỜI SỐNG | C14: 134047 | D14: 4546490505541 | E14: LIVING- BÌNH GIỮ NHIỆT NẮP VẶN ENJOY ĐEN 480ML | F14: 190000 | G14: 1 | H14: 0 | K14: -1 | L14: =+K14*F14 -> -190000 | N14: 45239
B15: THỰC PHẨM | C15: 174599 | D15: 4901551368044 | E15: KRACIE- Kẹo ngậm khử mùi bạc hà dịu nhẹ Frisk 35g | F15: 95000 | G15: 1 | H15: 0 | K15: -1 | L15: =+K15*F15 -> -95000 | N15: 45239
A16: Tổng | I16: =SUM(I9:I15) -> 4 | J16: =SUM(J9:J15) -> 450000 | K16: =SUM(K9:K15) -> -3 | L16: =SUM(L9:L15) -> -330000 | N16: 45239
D18: Vào lúc …….giờ …….. phút, thứ ….. ngày …28…. tháng …01.. Năm 2022….
B19: Quản lý ST | D19: GSKV | F19: Trưởng nhóm kiểm kê | I19: Giám đốc ĐHBL | M19: Trưởng Phòng Kế Toán
B20: (Ký và ghi rõ họ tên) | D20: (Ký và ghi rõ họ tên) | F20: (Ký và ghi rõ họ tên) | I20: (Ký và ghi rõ họ tên) | M20: (Ký và ghi rõ họ tên)

Sheet Phú Thọ - Việt Trì
I1: Mã hiệu: SBL.KDBL.QT.BM.01.02 Lần ban hành: 01 Ngày ban hành: 22/03/2018
A2: BẢNG CHÊNH LỆCH HÀNG HÓA KIỂM KÊ
A6: STT | B6: Loại Hàng | C6: Mã sản phẩm | D6: Mã Barcode | E6: Tên sản phẩm | F6: Giá bán lẻ | G6: Số lượng tồn phần mềm | H6: Số lượng tồn thực tế | I6: Chênh lệch | M6: Lý do ST giải trình | N6: Ngày điều chỉnh
I7: Chênh lệch thừa | K7: Chênh lệch thiếu
I8: Số lượng | J8: Trị giá thừa | K8: Số lượng | L8: Trị giá thiếu
A12: Tổng | I12: =SUM(I9:I11) -> 0 | J12: =SUM(J9:J11) -> 0 | K12: =SUM(K9:K11) -> 0 | L12: =SUM(L9:L11) -> 0 | N12: 45016
D14: Vào lúc …….giờ …….. phút, thứ ….. ngày …28…. tháng …01.. Năm 2022….
B15: Quản lý ST | D15: GSKV | F15: Trưởng nhóm kiểm kê | I15: Giám đốc ĐHBL | M15: Trưởng Phòng Kế Toán
B16: (Ký và ghi rõ họ tên) | D16: (Ký và ghi rõ họ tên) | F16: (Ký và ghi rõ họ tên) | I16: (Ký và ghi rõ họ tên) | M16: (Ký và ghi rõ họ tên)

Sheet Đông Anh 
I1: Mã hiệu: SBL.KDBL.QT.BM.01.02 Lần ban hành: 01 Ngày ban hành: 22/03/2018
A2: BẢNG CHÊNH LỆCH HÀNG HÓA KIỂM KÊ
A6: STT | B6: Loại Hàng | C6: Mã sản phẩm | D6: Mã Barcode | E6: Tên sản phẩm | F6: Giá bán lẻ | G6: Số lượng tồn phần mềm | H6: Số lượng tồn thực tế | I6: Chênh lệch | M6: Lý do ST giải trình | N6: Ngày điều chỉnh
I7: Chênh lệch thừa | K7: Chênh lệch thiếu
I8: Số lượng | J8: Trị giá thừa | K8: Số lượng | L8: Trị giá thiếu
A15: Tổng | I15: =SUM(I9:I14) -> 0 | J15: =SUM(J9:J14) -> 0 | K15: =SUM(K9:K14) -> 0 | L15: =SUM(L9:L14) -> 0 | N15: 45072
D17: Vào lúc …….giờ …….. phút, thứ ….. ngày …28…. tháng …01.. Năm 2022….
B18: Quản lý ST | D18: GSKV | F18: Trưởng nhóm kiểm kê | I18: Giám đốc ĐHBL | M18: Trưởng Phòng Kế Toán
B19: (Ký và ghi rõ họ tên) | D19: (Ký và ghi rõ họ tên) | F19: (Ký và ghi rõ họ tên) | I19: (Ký và ghi rõ họ tên) | M19: (Ký và ghi rõ họ tên)

Sheet Đề xuất
A1: Công ty Cổ phần Sakuko Việt Nam
A2: Phòng Kinh doanh Bán lẻ
A3: CT1 ParkView, số 3 Vũ Phạm Hàm, Trung Hoà, Cầu Giấy, Hà Nội
A4: ĐƠN ĐỀ XUẤT HỖ TRỢ/ TỔNG HỢP GIÁ TRỊ ĐỀN BÙ CHÊNH LỆCH KIỂM KÊ
B6: Kính gửi: Ban Giám đốc Công ty TNHH Sakuko Việt Nam
B7: Đại diện siêu thị Trần Đăng Ninh là Nguyễn Thị Duyên
B8: Trong đợt kiểm kê tổng tại siêu thị Trần Đăng Ninh ngày 13.05.2026 bộ phận kiểm kê đã chốt ra số liệu kiểm kê cuối cùng cho Trần Đăng Ninh như sau:
A9: BẢNG TỔNG HỢP LÝ DO GIẢI TRÌNH BBKK TRẦN ĐĂNG NINH
A10: STT | B10: Lý do | C10: Số lượng Chênh lệch (+) | D10: Số lượng Chênh lệch (-) | E10: GIÁ TRỊ (+) | F10: GIÁ TRỊ (-) | G10: CL | H10: Đền bù | I10: Ghi chú BPKK | J10: Check
A11: 1 | B11: Không rõ nguyên nhân | C11: 4324 | D11: 3533 | E11: 205297680 | F11: 173914595 | G11: =E11-F11 -> 31383085
A12: 2 | B12: Nhầm mã với nhau | C12: =+C13-C11 -> 3036 | D12: =+D13-D11 -> 3042.459 | E12: =+E13-E11 -> 5.8599991e+08 | F12: =+F13-F11 -> 558395250 | G12: =+G13-G11 -> 27604662
C13: 7360 | D13: 6575.459 | E13: 7.9129759e+08 | F13: 732309845 | G13: =+E13-F13 -> 58987748
B14: Doanh thu tính từ 04/06/2025 đến 13/05/2026 | D14: 32174826746 | F14: Tỉ lệ giới hạn | G14: 0.0009
B15: Số QL siêu thị | C15: 1 | F15: Tỉ lệ thực tế | G15: 0
B16: Số Phó Quản lý | F16: Thực tế thất thoát | G16: =+H13 -> 0 | H16: 1479190.2
B17: Số NVBH | C17: 25 | F17: Đền bù
A19: Đại diện siêu thị Trần Đăng Ninh chúng em viết đề xuất tổng số tiền đền bù do không quản lý được hàng hóa dẫn đến thất thoát, chúng em xin sẽ được thanh toán và phân bổ như sau:
A20: STT | B20: Họ và tên | C20: Chức vụ | D20: Mã nhân viên | E20: Ngày bắt đầu làm việc | F20: Ngày kết thúc hoặc điều chuyển | G20: Số ngày làm việc tại siêu thị | H20: Hệ số | I20: Số ngày LV*hệ số | J20: Tổng Tiền Thưởng/Phạt | K20: Ghi chú | L20: Chữ ký nhân viên
A21: 1 | B21: Lương Thị Thanh Thương | C21: QL | D21: ST731 | E21: 45812 | F21: 46155 | G21: =DATEDIF(E21,F21,"d") -> 343 | H21: 3 | I21: =+H21*G21 -> 1029 | J21: =($G$17/$I$50)*I21 -> 0
A22: 2 | B22: Nguyễn Đình Duy | C22: NVBH | D22: 20328 | E22: 45812 | F22: 46081 | G22: =DATEDIF(E22,F22,"d") -> 269 | H22: 1 | I22: =+H22*G22 -> 269 | J22: =($G$17/$I$50)*I22 -> 0
A23: 3 | B23: Nguyễn Đình Duy | C23: chuyên viên | D23: 20328 | E23: 46082 | F23: 46156 | G23: =DATEDIF(E23,F23,"d") -> 74 | H23: 1.5 | I23: =+H23*G23 -> 111 | J23: =($G$17/$I$50)*I23 -> 0
A24: 4 | B24: Lê Hiền Trang | C24: NVBH | D24: 20330 | E24: 45812 | F24: 46052 | G24: =DATEDIF(E24,F24,"d") -> 240 | H24: 1 | I24: =+H24*G24 -> 240 | J24: =($G$17/$I$50)*I24 -> 0
A25: 5 | B25: Lê Hiền Trang | C25: chuyên viên | D25: 20330 | E25: 46054 | F25: 46157 | G25: =DATEDIF(E25,F25,"d") -> 103 | H25: 1.5 | I25: =+H25*G25 -> 154.5 | J25: =($G$17/$I$50)*I25 -> 0
A26: 6 | B26: Nguyễn Thị Thu | C26: NVBH | D26: 21244 | E26: 46090 | F26: 46158 | G26: =DATEDIF(E26,F26,"d") -> 68 | H26: 1 | I26: =+H26*G26 -> 68 | J26: =($G$17/$I$50)*I26 -> 0
A27: 7 | B27: Nghiêm Huệ Linh | C27: NVBH | D27: 21246 | E27: 46094 | F27: 46159 | G27: =DATEDIF(E27,F27,"d") -> 65 | H27: 1 | I27: =+H27*G27 -> 65 | J27: =($G$17/$I$50)*I27 -> 0
A28: 8 | B28: Đào Thị Hà | C28: NVBH | D28: 21257 | E28: 46115 | F28: 46160 | G28: =DATEDIF(E28,F28,"d") -> 45 | H28: 1 | I28: =+H28*G28 -> 45 | J28: =($G$17/$I$50)*I28 -> 0
A29: 9 | B29: Nguyễn Hoàng Anh | C29: NVBH | D29: 21260 | E29: 46116 | F29: 46161 | G29: =DATEDIF(E29,F29,"d") -> 45 | H29: 1 | I29: =+H29*G29 -> 45 | J29: =($G$17/$I$50)*I29 -> 0
A30: 10 | B30: Vũ Thị Hoa | C30: NVBH | D30: 21262 | E30: 46118 | F30: 46162 | G30: =DATEDIF(E30,F30,"d") -> 44 | H30: 1 | I30: =+H30*G30 -> 44 | J30: =($G$17/$I$50)*I30 -> 0
A31: 11 | B31: Phạm Thị Diễm | C31: NVBH | D31: 21265 | E31: 46120 | F31: 46163 | G31: =DATEDIF(E31,F31,"d") -> 43 | H31: 1 | I31: =+H31*G31 -> 43 | J31: =($G$17/$I$50)*I31 -> 0
A32: 12 | B32: Quách Thị Mai Quỳnh | C32: NVBH | D32: 20524 | E32: 46125 | F32: 46142 | G32: =DATEDIF(E32,F32,"d") -> 17 | H32: 1 | I32: =+H32*G32 -> 17 | J32: =($G$17/$I$50)*I32 -> 0
A33: 13 | B33: Quách Thị Mai Quỳnh | C33: chuyên viên | D33: 20524 | E33: 46143 | F33: 46155 | G33: =DATEDIF(E33,F33,"d") -> 12 | H33: 1.5 | I33: =+H33*G33 -> 18 | J33: =($G$17/$I$50)*I33 -> 0
... A42: 22 | B42: Vũ Thị Vân Anh | C42: NVBH | D42: 21231 | E42: 46042 | F42: 46082 | G42: =DATEDIF(E42,F42,"d") -> 40 | H42: 1 | I42: =+H42*G42 -> 40 | J42: =($G$17/$I$50)*I42 -> 0
A43: 23 | B43: Lê Thi Hương | C43: NVBH | D43: ST193 | E43: 45812 | F43: 45879 | G43: =DATEDIF(E43,F43,"d") -> 67 | H43: 1 | I43: =+H43*G43 -> 67 | J43: =($G$17/$I$50)*I43 -> 0
A44: 24 | B44: Nguyễn Thị Hồng | C44: chuyên viên | D44: ST061 | E44: 45812 | F44: 46143 | G44: =DATEDIF(E44,F44,"d") -> 331 | H44: 1.5 | I44: =+H44*G44 -> 496.5 | J44: =($G$17/$I$50)*I44 -> 0
A45: 25 | B45: Bùi Thị Mai | C45: NVBH | D45: 20552 | E45: 45812 | F45: 45872 | G45: =DATEDIF(E45,F45,"d") -> 60 | H45: 1 | I45: =+H45*G45 -> 60 | J45: =($G$17/$I$50)*I45 -> 0
A46: 26 | B46: Dương Thị Hạnh | C46: NVBH | D46: 21009 | E46: 45812 | F46: 45999 | G46: =DATEDIF(E46,F46,"d") -> 187 | H46: 1 | I46: =+H46*G46 -> 187 | J46: =($G$17/$I$50)*I46 -> 0
A47: 27 | B47: Nguyễn Trần Hoà Phương | C47: NVBH | D47: 21054 | E47: 45812 | F47: 46078 | G47: =DATEDIF(E47,F47,"d") -> 266 | H47: 1 | I47: =+H47*G47 -> 266 | J47: =($G$17/$I$50)*I47 -> 0
A48: 28 | B48: Vũ Hoàng Duy | C48: NVBH | D48: 20626 | E48: 45812 | F48: 45838 | G48: =DATEDIF(E48,F48,"d") -> 26 | H48: 1 | I48: =+H48*G48 -> 26 | J48: =($G$17/$I$50)*I48 -> 0
A49: 29 | B49: Lê Thị Bích | C49: NVBH | D49: 21215 | E49: 46006 | F49: 46103 | G49: =DATEDIF(E49,F49,"d") -> 97 | H49: 1 | I49: =+H49*G49 -> 97 | J49: =($G$17/$I$50)*I49 -> 0
A50: Tổng | G50: =+SUM(G21:G49) -> 3182 | H50: =+SUM(H21:H49) -> 33 | I50: =+SUM(I21:I49) -> 4128 | J50: =+SUM(J21:J49) -> 0
A52: Quản lý siêu thị | E52: Quản lý chuỗi | I52: Ban kiểm soát | K52: Giám đốc bán lẻ

Sheet BBKK
K1: Mã hiệu: SBL.KDBL.QT.BM.01.02 Lần ban hành: 01 Ngày ban hành: 22/03/2018
A2: BẢNG CHÊNH LỆCH HÀNG HÓA KIỂM KÊ
K5: =SUBTOTAL(9,K9:K1480) -> 7360.0713 | L5: =SUBTOTAL(9,L9:L1480) -> 7.9129759e+08 | M5: =SUBTOTAL(9,M9:M1480) -> -6575.459 | N5: =SUBTOTAL(9,N9:N1480) -> -732309845 | O5: =+N5+L5 -> 58987748
A6: STT | B6: Loại Hàng | C6: Mã sản phẩm | D6: Mã Barcode | E6: Tên sản phẩm | F6: Giá bán lẻ | G6: Số lượng tồn phần mềm | H6: Số lượng tồn thực tế | I6: trước 13.05 | J6: kk 13.05 | K6: Chênh lệch | O6: Lý do ST giải trình | P6: Ngày điều chỉnh
K7: Chênh lệch thừa | M7: Chênh lệch thiếu
K8: Số lượng | L8: Trị giá thừa | M8: Số lượng | N8: Trị giá thiếu
B9: THỜI TRANG | C9: 142031 | D9: 2008144300011 | E9: NISHIMATSUYA- Áo Len Áo Nỉ Nhật Bản | F9: 150000 | G9: 12237 | H9: 11620 | I9: -617 | M9: =+J9+I9 -> -617 | N9: =+M9*F9 -> -92550000 | O9: Bán nhầm 142447 x617 | P9: 28/10/2025, 29/10/2025, 30/10/2025, 17/11/2025, 26/11/2025, 03/12/2025, 10/12/2025, 30/01/2026, 02/02/2026, 03/02/2026, 04/02/2026, 06/02/2026, 07/02/2026, 11/02/2026, 23/02/2026, 24/02/2026, 06/03/2026, 09/03/2026, 22/04/2026 | Q9: =VLOOKUP(D9,[1]Sheet0!$C$1:$H$65536,6,0) -> NSM MÙA ĐÔNG
B10: HỆ THỐNG | C10: 180208 | D10: 2025041800001 | E10: SKK - Túi thân thiện môi trường size nhỏ | F10: 350 | G10: 6698 | H10: 6083 | I10: -615 | M10: =+J10+I10 -> -615 | N10: =+M10*F10 -> -215250 | O10: Không rõ nguyên nhân | P10: 27/02/2026, 02/03/2026, 03/03/2026, 04/03/2026, 05/03/2026, 06/03/2026, 09/03/2026, 10/03/2026, 11/03/2026, 12/03/2026, 13/03/2026, 16/03/2026, 17/03/2026, 18/03/2026, 19/03/2026 | Q10: =VLOOKUP(D10,[1]Sheet0!$C$1:$H$65536,6,0) -> HỆ THỐNG
B11: THỜI TRANG | C11: 142450 | D11: 1414032300042 | E11: NISHIMATSUYA- Quần mùa hè trẻ em Nhật Bản | F11: 129000 | G11: 9854 | H11: 9572 | I11: -282 | M11: =+J11+I11 -> -282 | N11: =+M11*F11 -> -36378000 | O11: Bán nhầm 142446 x282 | P11: 13/06/2025, 20/06/2025, 23/06/2025, 30/06/2025, 14/07/2025, 28/07/2025, 30/07/2025, 13/08/2025, 14/08/2025, 13/10/2025, 20/10/2025, 27/10/2025 | Q11: =VLOOKUP(D11,[1]Sheet0!$C$1:$H$65536,6,0) -> NSM MÙA HÈ
B12: NGÀNH KHÁC | C12: 178736 | D12: 1722012512003 | E12: SKK- Lì xì Khai Vận | F12: 10000 | G12: 1865 | H12: 1595 | I12: -270 | M12: =+J12+I12 -> -270 | N12: =+M12*F12 -> -2700000 | O12: Không rõ nguyên nhân | P12: 28/01/2026, 29/01/2026, 30/01/2026, 02/02/2026, 03/02/2026, 04/02/2026, 06/02/2026, 24/02/2026 | Q12: =VLOOKUP(D12,[1]Sheet0!$C$1:$H$65536,6,0) -> SET QUÀ
B13: THỜI TRANG | C13: 142813 | D13: 1444042502716 | E13: NISHIMATSUYA- Váy liền thân bé gái | F13: 189000 | G13: 2192 | H13: 1952 | I13: -240 | M13: =+J13+I13 -> -240 | N13: =+M13*F13 -> -45360000 | O13: Bán nhầm 142030 x30, 142276 x3, 142454 x21, 142454 x21, 142277 x8, 142032 x2, 142281 x2, 142279 x4, 142453 x67 | P13: 10/06/2025, 08/10/2025, 14/10/2025, 15/10/2025, 16/10/2025, 17/10/2025, 20/10/2025, 21/10/2025, 22/10/2025, 20/03/2026 | Q13: =VLOOKUP(D13,[1]Sheet0!$C$1:$H$65536,6,0) -> NSM MÙA HÈ
B14: VĂN PHÒNG PHẨM | C14: 160379 | D14: 4920132010001 | E14: SKK-Hộp đựng quà 20.10 | F14: 25000 | G14: 277 | H14: 105 | I14: -172 | M14: =+J14+I14 -> -172 | N14: =+M14*F14 -> -4300000 | O14: Không rõ nguyên nhân | P14: 45950 | Q14: =VLOOKUP(D14,[1]Sheet0!$C$1:$H$65536,6,0) -> ĐỒ DÙNG VPP
B15: NGÀNH KHÁC | C15: 178708 | D15: 2025102011111 | E15: SKK- Túi quà tặng màu hồng 21*27*15cm | F15: 25000 | G15: 346 | H15: 194 | I15: -152 | M15: =+J15+I15 -> -152 | N15: =+M15*F15 -> -3800000 | O15: Không rõ nguyên nhân | P15: 13/10/2025, 05/11/2025, 17/11/2025, 26/11/2025, 21/01/2026, 22/01/2026, 03/02/2026, 07/03/2026, 09/03/2026, 12/03/2026, 16/03/2026, 17/03/2026, 26/03/2026, 14/04/2026 10:27:23 AM | Q15: =VLOOKUP(D15,[1]Sheet0!$C$1:$H$65536,6,0) -> HÀNG MARKETING
B16: NGÀNH KHÁC | C16: 178710 | D16: 2025102033333 | E16: SKK- Túi quà tặng màu xanh 21*27*15cm | F16: 25000 | G16: 517 | H16: 365 | I16: -152 | M16: =+J16+I16 -> -152 | N16: =+M16*F16 -> -3800000 | O16: Không rõ nguyên nhân | P16: 23/09/2025, 16/10/2025, 17/10/2025, 20/10/2025, 21/10/2025, 18/11/2025, 19/11/2025, 26/11/2025, 06/01/2026 4:07:21 PM, 14/01/2026, 17/01/2026, 09/03/2026, 12/03/2026, 16/03/2026, 19/03/2026, 23/03/2026 | Q16: =VLOOKUP(D16,[1]Sheet0!$C$1:$H$65536,6,0) -> HÀNG MARKETING
B17: THỰC PHẨM | C17: 153326 | D17: 8938558574044 | E17: HARU SAKURA BEEF - Thịt bò thăn ngoại Lúc lắc 200g | F17: 165000 | G17: 427 | H17: 294 | I17: -121 | J17: -12 | M17: =+J17+I17 -> -133 | N17: =+M17*F17 -> -21945000 | O17: Bán nhầm 153325 x133 | P17: 09/12/2025, 10/12/2025, 15/12/2025 3:08:37 PM, 29/12/2025 4:00:32 PM, 14/01/2026, 20/01/2026, 21/01/2026, 07/02/2026, 20/03/2026, 04/05/2026 | Q17: =VLOOKUP(D17,[1]Sheet0!$C$1:$H$65536,6,0) -> THỰC PHẨM ĐÔNG LẠNH, CHẾ BIẾN
B18: NGÀNH KHÁC | C18: 178541 | D18: DGMD10025 | E18: Đồng giá 25K | F18: 25000 | G18: 185 | H18: 85 | I18: 1 | J18: -101 | M18: =+J18+I18 -> -100 | N18: =+M18*F18 -> -2500000 | O18: Không rõ nguyên nhân | P18: 27/10/2025, 07/11/2025, 10/11/2025, 15/01/2026 | Q18: =VLOOKUP(D18,[1]Sheet0!$C$1:$H$65536,6,0) -> ĐỒNG GIÁ DATE
B19: VĂN PHÒNG PHẨM | C19: 160369 | D19: 2022087777111 | E19: SAKUKO- Túi PP dệt màu hồng size nhỏ 21x27x15cm | F19: 15000 | G19: 922 | H19: 828 | I19: -94 | M19: =+J19+I19 -> -94 | N19: =+M19*F19 -> -1410000 | O19: Không rõ nguyên nhân | P19: 20/06/2025, 21/07/2025, 28/07/2025, 14/10/2025, 21/10/2025, 24/11/2025, 16/03/2026, 17/03/2026, 23/03/2026, 24/03/2026, 27/03/2026, 30/03/2026, 31/03/2026, 02/04/2026, 06/04/2026 8:51:40 AM, 07/04/2026 10:37:54 AM, 09/04/2026, 10/04/2026 10:54:24 AM, 13/04/2026 8:54:09 AM, 04/05/2026 | Q19: =VLOOKUP(D19,[1]Sheet0!$C$1:$H$65536,6,0) -> ĐỒ DÙNG VPP
B20: THỰC PHẨM | C20: 154453 | D20: 4901830356106 | E20: D'ASSES- Bánh quy nhân socola matcha 12 chiếc | F20: 67000 | G20: 212 | H20: 127 | I20: -63 | J20: -22 | M20: =+J20+I20 -> -85 | N20: =+M20*F20 -> -5695000 | O20: Bán nhầm 154455 x85 | P20: 05/01/2026 3:51:24 PM, 22/01/2026, 24/02/2026, 30/03/2026 | Q20: =VLOOKUP(D20,[1]Sheet0!$C$1:$H$65536,6,0) -> BÁNH KẸO, ĐỒ ĂN VẶT
B21: NGÀNH KHÁC | C21: 178741 | D21: 1722012512058 | E21: SKK- Túi quà Tết Chiêu Tài (Đỏ L) | F21: 20000 | G21: 363 | H21: 280 | I21: -83 | M21: =+J21+I21 -> -83 | N21: =+M21*F21 -> -1660000 | O21: Bán nhầm 178740 x79, 178676 x4 | P21: 09/01/2026 3:04:24 PM, 09/02/2026, 05/03/2026, 09/03/2026, 03/04/2026, 14/04/2026 10:27:23 AM | Q21: =VLOOKUP(D21,[1]Sheet0!$C$1:$H$65536,6,0) -> SET QUÀ
B22: VĂN PHÒNG PHẨM | C22: 160377 | D22: 4945202320101 | E22: SKK-Túi quà size nhỏ 20x12,5x10 cm | F22: 12000 | G22: 238 | H22: 162 | I22: -76 | M22: =+J22+I22 -> -76 | N22: =+M22*F22 -> -912000 | O22: Không rõ nguyên nhân | P22: 15/01/2026, 16/01/2026, 07/02/2026, 23/02/2026, 02/03/2026, 03/03/2026, 04/03/2026, 09/03/2026, 20/04/2026, 22/04/2026 | Q22: =VLOOKUP(D22,[1]Sheet0!$C$1:$H$65536,6,0) -> ĐỒ DÙNG VPP
B23: NGÀNH KHÁC | C23: 178738 | D23: 1722012512027 | E23: SKK- Lì xì Vinh Hoa | F23: 10000 | G23: 535 | H23: 459 | I23: -76 | M23: =+J23+I23 -> -76 | N23: =+M23*F23 -> -760000 | O23: Bán nhầm 178641 x76 | P23: 23/01/2026, 07/02/2026, 09/02/2026, 24/02/2026, 04/03/2026, 05/03/2026 | Q23: =VLOOKUP(D23,[1]Sheet0!$C$1:$H$65536,6,0) -> SET QUÀ
B24: VĂN PHÒNG PHẨM | C24: 160337 | D24: 2021555555555 | E24: Sakuko - Lì xì Tết Bình An | F24: 10000 | G24: 75 | H24: 0 | I24: -75 | M24: =+J24+I24 -> -75 | N24: =+M24*F24 -> -750000 | O24: Không rõ nguyên nhân | P24: 46077 | Q24: =VLOOKUP(D24,[1]Sheet0!$C$1:$H$65536,6,0) -> ĐỒ DÙNG VPP
B25: NGÀNH KHÁC | C25: 178586 | D25: DGMD10080N | E25: Đồng giá 80K | F25: 80000 | G25: 112 | H25: 39 | I25: -57 | J25: -16 | M25: =+J25+I25 -> -73 | N25: =+M25*F25 -> -5840000 | O25: Không rõ nguyên nhân | P25: 28/07/2025, 11/08/2025, 25/08/2025, 23/02/2026 | Q25: =VLOOKUP(D25,[1]Sheet0!$C$1:$H$65536,6,0) -> #N/A
B26: NGÀNH KHÁC | C26: 178548 | D26: DGMD10030 | E26: Đồng giá 30K | F26: 30000 | G26: 345 | H26: 273 | I26: -8 | J26: -64 | M26: =+J26+I26 -> -72 | N26: =+M26*F26 -> -2160000 | O26: Không rõ nguyên nhân | P26: 07/11/2025, 03/12/2025, 04/12/2025, 23/02/2026, 06/04/2026 8:51:40 AM | Q26: =VLOOKUP(D26,[1]Sheet0!$C$1:$H$65536,6,0) -> ĐỒNG GIÁ DATE
B27: NGÀNH KHÁC | C27: 178717 | D27: 1611022111020 | E27: SAKUKO- Túi quà sinh nhật 21*27*10cm | F27: 15000 | G27: 238 | H27: 166 | I27: -72 | M27: =+J27+I27 -> -72 | N27: =+M27*F27 -> -1080000 | O27: Không rõ nguyên nhân | P27: 03/11/2025, 05/11/2025, 17/11/2025, 18/11/2025, 19/11/2025, 21/11/2025, 17/01/2026, 23/03/2026, 24/03/2026, 04/05/2026 | Q27: =VLOOKUP(D27,[1]Sheet0!$C$1:$H$65536,6,0) -> HÀNG MARKETING
B28: THỰC PHẨM | C28: 152844 | D28: 4901005501515 | E28: GLICO- Bánh socola nhân kem trà xanh 6 chiếc | F28: 95000 | G28: 305 | H28: 238 | I28: -44 | J28: -23 | M28: =+J28+I28 -> -67 | N28: =+M28*F28 -> -6365000 | O28: Không rõ nguyên nhân | P28: 17/01/2026, 21/01/2026, 22/01/2026, 23/01/2026 | Q28: =VLOOKUP(D28,[1]Sheet0!$C$1:$H$65536,6,0) -> BÁNH KẸO, ĐỒ ĂN VẶT
B29: THỜI TRANG | C29: 142036 | D29: 2008144300066 | E29: NISHIMATSUYA- Bộ Đồ Body Liền Thân Trẻ em Nhật Bản | F29: 160000 | G29: 547 | H29: 484 | I29: -63 | M29: =+J29+I29 -> -63 | N29: =+M29*F29 -> -10080000 | O29: Bán nhầm 142452 x63 | P29: 15/10/2025, 23/12/2025 3:28:13 PM, 24/12/2025 2:37:59 PM, 25/12/2025 3:20:39 PM, 29/12/2025 4:00:32 PM, 05/01/2026 3:51:24 PM, 06/01/2026 4:07:21 PM, 08/01/2026 10:07:08 AM, 13/01/2026, 27/01/2026, 03/02/2026, 09/02/2026, 26/02/2026, 20/03/2026, 25/03/2026, 06/04/2026 8:51:40 AM | Q29: =VLOOKUP(D29,[1]Sheet0!$C$1:$H$65536,6,0) -> NSM MÙA ĐÔNG
B30: THỜI TRANG | C30: 142814 | D30: 1444082502271 | E30: NISHIMATSUYA- Bộ đồ liền thân trẻ em | F30: 159000 | G30: 91 | H30: 38 | I30: -53 | M30: =+J30+I30 -> -53 | N30: =+M30*F30 -> -8427000 | O30: Bán nhầm 142452 x53 | P30: 08/09/2025, 09/10/2025, 27/03/2026 | Q30: =VLOOKUP(D30,[1]Sheet0!$C$1:$H$65536,6,0) -> NSM MÙA HÈ
B31: VĂN PHÒNG PHẨM | C31: 160370 | D31: 2022086666111 | E31: SAKUKO- Túi PP dệt màu xanh size to 42x35x16cm | F31: 30000 | G31: 315 | H31: 263 | I31: -52 | M31: =+J31+I31 -> -52 | N31: =+M31*F31 -> -1560000 | O31: Không rõ nguyên nhân | P31: 07/06/2025, 24/02/2026, 23/03/2026, 26/03/2026, 27/03/2026, 30/03/2026, 02/04/2026, 06/04/2026 8:51:40 AM, 07/04/2026 10:37:54 AM, 09/04/2026, 10/04/2026 10:54:24 AM, 13/04/2026 8:54:09 AM, 04/05/2026 | Q31: =VLOOKUP(D31,[1]Sheet0!$C$1:$H$65536,6,0) -> ĐỒ DÙNG VPP
B32: NGÀNH KHÁC | C32: 178544 | D32: DGMD10050 | E32: Đồng giá 50K | F32: 50000 | G32: 815 | H32: 766 | I32: -55 | J32: 6 | M32: =+J32+I32 -> -49 | N32: =+M32*F32 -> -2450000 | O32: Không rõ nguyên nhân | P32: 02/07/2025, 03/07/2025, 04/07/2025, 07/07/2025, 11/07/2025, 30/09/2025, 06/10/2025, 23/10/2025, 24/10/2025, 24/11/2025, 03/12/2025, 09/12/2025, 11/12/2025, 15/12/2025 3:08:37 PM, 13/01/2026, 21/01/2026, 27/01/2026, 23/02/2026, 23/03/2026, 25/03/2026, 26/03/2026, 31/03/2026, 05/05/2026, 11/05/2026 | Q32: =VLOOKUP(D32,[1]Sheet0!$C$1:$H$65536,6,0) -> ĐỒNG GIÁ DATE
B33: NGÀNH KHÁC | C33: 178739 | D33: 1722012512034 | E33: SKK- Lì xì Trường Cát | F33: 10000 | G33: 99 | H33: 51 | I33: -48 | M33: =+J33+I33 -> -48 | N33: =+M33*F33 -> -480000 | O33: Bán nhầm 178641 x43 | P33: 27/01/2026, 24/02/2026 | Q33: =VLOOKUP(D33,[1]Sheet0!$C$1:$H$65536,6,0) -> SET QUÀ
B34: THỰC PHẨM | C34: 154454 | D34: 4901830351873 | E34: D'ASSES- Bánh quy nhân socola socola 12 chiếc | F34: 67000 | G34: 580 | H34: 533 | I34: -66 | J34: 19 | M34: =+J34+I34 -> -47 | N34: =+M34*F34 -> -3149000 | O34: Không rõ nguyên nhân | P34: 27/01/2026, 30/01/2026, 02/02/2026, 30/03/2026 | Q34: =VLOOKUP(D34,[1]Sheet0!$C$1:$H$65536,6,0) -> BÁNH KẸO, ĐỒ ĂN VẶT
B35: THỜI TRANG | C35: 142278 | D35: 1444042204016 | E35: NISHIMATSUYA- Quần thu đông trẻ em | F35: 105000 | G35: 335 | H35: 289 | I35: -6 | J35: -40 | M35: =+J35+I35 -> -46 | N35: =+M35*F35 -> -4830000 | O35: Bán nhầm 142446 x46 | P35: 45957 | Q35: =VLOOKUP(D35,[1]Sheet0!$C$1:$H$65536,6,0) -> NSM MÙA ĐÔNG
B36: NHÀ CỬA ĐỜI SỐNG | C36: 133658 | D36: 4901121181431 | E36: NEPIA- Set hộp giấy ăn hình hoa (300 tờ x 5 hộp) | F36: 120000 | G36: 257 | H36: 213 | I36: -44 | M36: =+J36+I36 -> -44 | N36: =+M36*F36 -> -5280000 | O36: Bán nhầm 134475 x44 | P36: 10/06/2025, 12/06/2025, 13/06/2025, 16/06/2025, 17/06/2025, 18/06/2025, 20/06/2025, 02/07/2025, 21/07/2025 | Q36: =VLOOKUP(D36,[1]Sheet0!$C$1:$H$65536,6,0) -> SẢN PHẨM TỪ GIẤY
B37: NGÀNH KHÁC | C37: 178547 | D37: DGMD10040 | E37: Đồng giá 40K | F37: 40000 | G37: 237 | H37: 198 | I37: -7 | J37: -32 | M37: =+J37+I37 -> -39 | N37: =+M37*F37 -> -1560000 | O37: Không rõ nguyên nhân | P37: 13/06/2025, 30/06/2025, 07/07/2025, 14/07/2025, 28/07/2025, 15/09/2025, 22/09/2025, 23/09/2025, 30/09/2025, 06/10/2025, 23/10/2025, 24/10/2025, 04/12/2025, 09/12/2025 | Q37: =VLOOKUP(D37,[1]Sheet0!$C$1:$H$65536,6,0) -> ĐỒNG GIÁ DATE
B38: THỰC PHẨM | C38: 154456 | D38: 8938558574495 | E38: HARU SAKURA BEEF - Thịt bò thăn ngoại Bít tết 150g | F38: 135000 | G38: 1431 | H38: 1396 | I38: -10 | J38: -25 | M38: =+J38+I38 -> -35 | N38: =+M38*F38 -> -4725000 | O38: Không rõ nguyên nhân | P38: 29/01/2026, 09/02/2026, 11/02/2026, 23/02/2026, 19/03/2026 | Q38: =VLOOKUP(D38,[1]Sheet0!$C$1:$H$65536,6,0) -> THỰC PHẨM ĐÔNG LẠNH, CHẾ BIẾN
B39: THỰC PHẨM | C39: 154464 | D39: 4909466001377 | E39: SHOHO SEIKA- Bánh mochi nhân socola 10 chiếc | F39: 115000 | G39: 34 | H39: 0 | I39: -34 | M39: =+J39+I39 -> -34 | N39: =+M39*F39 -> -3910000 | O39: Không rõ nguyên nhân | P39: 14/01/2026, 29/01/2026 | Q39: =VLOOKUP(D39,[1]Sheet0!$C$1:$H$65536,6,0) -> BÁNH KẸO, ĐỒ ĂN VẶT
B40: THỰC PHẨM | C40: 154279 | D40: 8938558574464 | E40: SANGEN WAGYU- Thịt bò tam vương bít tết 200g | F40: 145000 | G40: 51 | H40: 18 | I40: -17 | J40: -16 | M40: =+J40+I40 -> -33 | N40: =+M40*F40 -> -4785000 | O40: Bán nhầm 153325 x31, 153269 x2 | P40: 46051 | Q40: =VLOOKUP(D40,[1]Sheet0!$C$1:$H$65536,6,0) -> THỰC PHẨM ĐÔNG LẠNH, CHẾ BIẾN
B41: NGÀNH KHÁC | C41: 178564 | D41: DGMH20000 | E41: Đồng giá 20.000 | F41: 20000 | G41: 233 | H41: 200 | I41: -3 | J41: -30 | M41: =+J41+I41 -> -33 | N41: =+M41*F41 -> -660000 | O41: Không rõ nguyên nhân | P41: 05/12/2025, 23/02/2026 | Q41: =VLOOKUP(D41,[1]Sheet0!$C$1:$H$65536,6,0) -> ĐỒNG GIÁ MUA HÀNG
B42: NHÀ CỬA ĐỜI SỐNG | C42: 174470 | D42: 4903367301956 | E42: ROCKET- Rửa chén hương táo 600ml | F42: 40000 | G42: 200 | H42: 169 | I42: -31 | M42: =+J42+I42 -> -31 | N42: =+M42*F42 -> -1240000 | O42: Bán nhầm 134088 x26, 174522 x5 | P42: 11/08/2025, 11/09/2025, 21/11/2025, 26/11/2025, 01/12/2025, 04/12/2025, 10/12/2025, 25/03/2026, 27/03/2026, 30/03/2026, 03/04/2026, 04/04/2026, 06/04/2026 8:51:40 AM | Q42: =VLOOKUP(D42,[1]Sheet0!$C$1:$H$65536,6,0) -> XÀ PHÒNG, CHẤT TẨY RỬA
B43: NGÀNH KHÁC | C43: 178737 | D43: 1722012512010 | E43: SKK- Lì xì Thành Công | F43: 10000 | G43: 37 | H43: 6 | I43: -31 | M43: =+J43+I43 -> -31 | N43: =+M43*F43 -> -310000 | O43: Bán nhầm 178641 x31 | P43: 02/03/2026, 05/03/2026 | Q43: =VLOOKUP(D43,[1]Sheet0!$C$1:$H$65536,6,0) -> SET QUÀ
B44: NGÀNH KHÁC | C44: 178707 | D44: 2025102000000 | E44: SKK- Túi quà tặng màu hồng 25*32*15cm | F44: 30000 | G44: 107 | H44: 77 | I44: -30 | M44: =+J44+I44 -> -30 | N44: =+M44*F44 -> -900000 | O44: Không rõ nguyên nhân | P44: 27/01/2026, 28/01/2026, 29/01/2026, 30/01/2026, 02/02/2026, 03/02/2026, 12/03/2026, 14/04/2026 10:27:23 AM | Q44: =VLOOKUP(D44,[1]Sheet0!$C$1:$H$65536,6,0) -> HÀNG MARKETING
B45: THỜI TRANG | C45: 142041 | D45: 2008144308028 | E45: NISHIMATSUYA- Phụ kiện Giữ ấm Mùa đông Nhật Bản | F45: 85000 | G45: 28 | H45: 0 | J45: -28 | M45: =+J45+I45 -> -28 | N45: =+M45*F45 -> -2380000 | O45: Bán nhầm 142448 x28 | Q45: =VLOOKUP(D45,[1]Sheet0!$C$1:$H$65536,6,0) -> NSM MÙA ĐÔNG
B46: THỰC PHẨM | C46: 154135 | D46: 4901050131484 | E46: ITO- Bánh quy Cookies Original Assort hộp 48 chiếc | F46: 155000 | G46: 446 | H46: 419 | I46: -30 | J46: 3 | M46: =+J46+I46 -> -27 | N46: =+M46*F46 -> -4185000 | O46: Bán nhầm 153133 x21 | P46: 09/01/2026 3:04:24 PM, 17/01/2026, 30/01/2026, 04/05/2026 | Q46: =VLOOKUP(D46,[1]Sheet0!$C$1:$H$65536,6,0) -> BÁNH KẸO, ĐỒ ĂN VẶT
B47: THỰC PHẨM | C47: 152244 | D47: 4903308014440 | E47: QBB- Phô mai vị việt quất 90g (6 miếng) | F47: 85000 | G47: 92 | H47: 65 | J47: -27 | M47: =+J47+I47 -> -27 | N47: =+M47*F47 -> -2295000 | O47: Bán nhầm 152242 x25, 153212 x2 | Q47: =VLOOKUP(D47,[1]Sheet0!$C$1:$H$65536,6,0) -> SẢN PHẨM TỪ SỮA
B48: CHĂM SÓC HÀNG NGÀY | C48: 110221 | D48: 4901616005266 | E48: SUNSTAR- KDR ttmuối p/bệnh răng nướu (tuýp 170g) | F48: 75000 | G48: 313 | H48: 287 | I48: -19 | J48: -7 | M48: =+J48+I48 -> -26 | N48: =+M48*F48 -> -1950000 | O48: Bán nhầm 174351 x1, 110255 x17, 300311 x1, 30028 x1, 30060 x2 | P48: 11/07/2025, 16/08/2025, 19/08/2025, 20/08/2025, 04/09/2025, 24/11/2025, 03/02/2026, 12/03/2026, 31/03/2026, 01/04/2026, 03/04/2026 | Q48: =VLOOKUP(D48,[1]Sheet0!$C$1:$H$65536,6,0) -> CHĂM SÓC RĂNG MIỆNG
B49: NGÀNH KHÁC | C49: 178580 | D49: DGMD10025N | E49: Đồng giá 25K | F49: 25000 | G49: 64 | H49: 38 | I49: -3 | J49: -23 | M49: =+J49+I49 -> -26 | N49: =+M49*F49 -> -650000 | O49: Không rõ nguyên nhân | P49: 27/10/2025, 10/11/2025 | Q49: =VLOOKUP(D49,[1]Sheet0!$C$1:$H$65536,6,0) -> #N/A
B50: NGÀNH KHÁC | C50: 178590 | D50: DGMD10090N | E50: Đồng giá 90K | F50: 90000 | G50: 104 | H50: 79 | I50: -4 | J50: -21 | M50: =+J50+I50 -> -25 | N50: =+M50*F50 -> -2250000 | O50: Không rõ nguyên nhân | P50: 07/06/2025, 16/06/2025, 18/07/2025, 31/07/2025, 03/09/2025, 15/09/2025, 20/10/2025, 17/11/2025, 04/12/2025, 16/04/2026 | Q50: =VLOOKUP(D50,[1]Sheet0!$C$1:$H$65536,6,0) -> #N/A
B51: NGÀNH KHÁC | C51: 178709 | D51: 2025102022222 | E51: SKK- Túi quà tặng màu xanh 25*32*15cm | F51: 30000 | G51: 31 | H51: 6 | I51: -25 | M51: =+J51+I51 -> -25 | N51: =+M51*F51 -> -750000 | O51: Không rõ nguyên nhân | P51: 03/02/2026, 09/03/2026, 12/03/2026 | Q51: =VLOOKUP(D51,[1]Sheet0!$C$1:$H$65536,6,0) -> HÀNG MARKETING
B52: NGÀNH KHÁC | C52: 178217 | D52: 1715002110013 | E52: SAKUKO- Túi nhựa trong quai da 20x20x10cm 2021 | F52: 25000 | G52: 65 | H52: 41 | I52: -24 | M52: =+J52+I52 -> -24 | N52: =+M52*F52 -> -600000 | O52: Không rõ nguyên nhân | P52: 14/07/2025, 11/09/2025, 07/02/2026, 12/03/2026 | Q52: =VLOOKUP(D52,[1]Sheet0!$C$1:$H$65536,6,0) -> HÀNG MARKETING
B53: THỰC PHẨM | C53: 154314 | D53: 4518083009101 | E53: KIMIBANDAI- Rượu Mơ 300ml | F53: 232000 | G53: 751 | H53: 728 | I53: -23 | M53: =+J53+I53 -> -23 | N53: =+M53*F53 -> -5336000 | O53: Bán nhầm 231576 x 23 | P53: 17/01/2026, 21/01/2026, 29/01/2026, 07/02/2026, 26/02/2026 | Q53: =VLOOKUP(D53,[1]Sheet0!$C$1:$H$65536,6,0) -> RƯỢU
B54: THỰC PHẨM | C54: 150812 | D54: 4547894640029 | E54: NABISCO- Hộp bánh quy Rits size L 75 chiếc | F54: 128000 | G54: 64 | H54: 41 | I54: -13 | J54: -10 | M54: =+J54+I54 -> -23 | N54: =+M54*F54 -> -2944000 | O54: Không rõ nguyên nhân | P54: 24/04/2026, 28/04/2026, 29/04/2026 | Q54: =VLOOKUP(D54,[1]Sheet0!$C$1:$H$65536,6,0) -> BÁNH KẸO, ĐỒ ĂN VẶT
B55: NGÀNH KHÁC | C55: 178569 | D55: DGMH50000 | E55: Đồng giá 50.000 | F55: 50000 | G55: 87 | H55: 64 | I55: -3 | J55: -20 | M55: =+J55+I55 -> -23 | N55: =+M55*F55 -> -1150000 | O55: Không rõ nguyên nhân | P55: 46076 | Q55: =VLOOKUP(D55,[1]Sheet0!$C$1:$H$65536,6,0) -> ĐỒNG GIÁ MUA HÀNG
B56: NGÀNH KHÁC | C56: 178588 | D56: DGMD10030N | E56: Đồng giá 30K | F56: 30000 | G56: 108 | H56: 85 | I56: -16 | J56: -7 | M56: =+J56+I56 -> -23 | N56: =+M56*F56 -> -690000 | O56: Không rõ nguyên nhân | P56: 03/12/2025, 23/02/2026, 06/04/2026 8:51:40 AM | Q56: =VLOOKUP(D56,[1]Sheet0!$C$1:$H$65536,6,0) -> #N/A
B57: Sữa | C57: 210031 | D57: 2102042510016 | E57: BEAN STALK- Sữa cho bé từ 9-36 tháng 820g DATE | F57: 445000 | G57: 23 | H57: 1 | I57: 1 | J57: -23 | M57: =+J57+I57 -> -22 | N57: =+M57*F57 -> -9790000 | O57: Bán nhầm 210019 x22 | P57: 46028.672 | Q57: =VLOOKUP(D57,[1]Sheet0!$C$1:$H$65536,6,0) -> SỮA CÔNG THỨC
B58: NGÀNH KHÁC | C58: 178543 | D58: DGMD10069 | E58: Đồng giá 69K | F58: 69000 | G58: 101 | H58: 80 | I58: -3 | J58: -18 | M58: =+J58+I58 -> -21 | N58: =+M58*F58 -> -1449000 | O58: Không rõ nguyên nhân | P58: 14/07/2025, 28/07/2025, 08/09/2025, 23/02/2026 | Q58: =VLOOKUP(D58,[1]Sheet0!$C$1:$H$65536,6,0) -> ĐỒNG GIÁ DATE
B59: CHĂM SÓC HÀNG NGÀY | C59: 110509 | D59: 4901548160064 | E59: KIRIBAI- Miếng giữ nhiệt hình thỏ (10 miếng) | F59: 110000 | G59: 67 | H59: 46 | J59: -21 | M59: =+J59+I59 -> -21 | N59: =+M59*F59 -> -2310000 | O59: Không rõ nguyên nhân | Q59: =VLOOKUP(D59,[1]Sheet0!$C$1:$H$65536,6,0) -> GIỮ NHIỆT
B60: THỰC PHẨM | C60: 154134 | D60: 8938558574440 | E60: Sakura Beef - Thịt bò thăn ngoại nướng 200g | F60: 165000 | G60: 78 | H60: 58 | I60: -20 | M60: =+J60+I60 -> -20 | N60: =+M60*F60 -> -3300000 | O60: Không rõ nguyên nhân | P60: 29/12/2025 4:00:32 PM, 05/01/2026 3:51:24 PM, 21/01/2026, 03/02/2026, 04/02/2026, 24/02/2026 | Q60: =VLOOKUP(D60,[1]Sheet0!$C$1:$H$65536,6,0) -> THỰC PHẨM ĐÔNG LẠNH, CHẾ BIẾN
B61: CHĂM SÓC SẮC ĐẸP | C61: 175591 | D61: 4511413503997 | E61: DHC-Son dưỡng Lip Cream không màu 1.5g | F61: 199000 | G61: 57 | H61: 37 | I61: -22 | J61: 2 | M61: =+J61+I61 -> -20 | N61: =+M61*F61 -> -3980000 | O61: Bán nhầm 100187 x20 | P61: 18/12/2025, 22/12/2025 11:13:54 AM, 27/01/2026, 07/02/2026, 09/03/2026, 16/03/2026 | Q61: =VLOOKUP(D61,[1]Sheet0!$C$1:$H$65536,6,0) -> TRANG ĐIỂM
B62: NGÀNH KHÁC | C62: 178530 | D62: 1731002405027 | E62: DGMH40000 | F62: 20000 | G62: 20 | H62: 0 | J62: -20 | M62: =+J62+I62 -> -20 | N62: =+M62*F62 -> -400000 | O62: Không rõ nguyên nhân | Q62: =VLOOKUP(D62,[1]Sheet0!$C$1:$H$65536,6,0) -> ĐỒNG GIÁ MUA HÀNG
B63: THỰC PHẨM | C63: 150038 | D63: 4905846111261 | E63: CHOYA- Rượu mơ Umeshu Kishu 720ml (14 độ) | F63: 450000 | G63: 171 | H63: 164 | I63: -19 | J63: 8 | M63: =+J63+I63 -> -11 | N63: =+M63*F63 -> -4950000 | O63: Bán nhầm 153728 x14, 153729 x5 | P63: 02/03/2026, 04/05/2026 | Q63: =VLOOKUP(D63,[1]Sheet0!$C$1:$H$65536,6,0) -> RƯỢU
B64: CHĂM SÓC HÀNG NGÀY | C64: 174300 | D64: 4904453552245 | E64: NISHIWAKI- Bàn chải ngọc trai đen đầu thường- Loại thường | F64: 40000 | G64: 28 | H64: 9 | I64: 1 | J64: -20 | M64: =+J64+I64 -> -19 | N64: =+M64*F64 -> -760000 | O64: Bán nhầm 174299 x18, 30095 x1 | P64: 46036 | Q64: =VLOOKUP(D64,[1]Sheet0!$C$1:$H$65536,6,0) -> CHĂM SÓC RĂNG MIỆNG
B65: NGÀNH KHÁC | C65: 178572 | D65: DGMH80000 | E65: Đồng giá 80.000 | F65: 80000 | G65: 21 | H65: 2 | J65: -19 | M65: =+J65+I65 -> -19 | N65: =+M65*F65 -> -1520000 | O65: Không rõ nguyên nhân | Q65: =VLOOKUP(D65,[1]Sheet0!$C$1:$H$65536,6,0) -> ĐỒNG GIÁ MUA HÀNG
B66: NHÀ CỬA ĐỜI SỐNG | C66: 133734 | D66: 4905596185888 | E66: INOMATA- Hộp nhựa đựng thực phẩm 1300ml | F66: 50000 | G66: 18 | H66: 0 | I66: -4 | J66: -14 | M66: =+J66+I66 -> -18 | N66: =+M66*F66 -> -900000 | O66: Không rõ nguyên nhân | P66: 46027.661 | Q66: =VLOOKUP(D66,[1]Sheet0!$C$1:$H$65536,6,0) -> HÀNG ĐỒNG GIÁ 40K
B67: NHÀ CỬA ĐỜI SỐNG | C67: 134268 | D67: 1310072410034 | E67: SKK - Nồi nấu đa năng size 18cm | F67: 550000 | G67: 56 | H67: 38 | I67: -16 | J67: -2 | M67: =+J67+I67 -> -18 | N67: =+M67*F67 -> -9900000 | O67: Bán nhầm 134265 x16, 134319 x1, 134319 x1 | P67: 23/03/2026, 30/03/2026, 01/04/2026 | Q67: =VLOOKUP(D67,[1]Sheet0!$C$1:$H$65536,6,0) -> GIA DỤNG SKK
B68: THỜI TRANG | C68: 142806 | D68: 1444032410007 | E68: NISHIMATSUYA- Phụ kiện mùa hè trẻ em new | F68: 129000 | G68: 1710 | H68: 1692 | I68: -18 | M68: =+J68+I68 -> -18 | N68: =+M68*F68 -> -2322000 | O68: Bán nhầm 142446 x18 | P68: 09/06/2025, 10/06/2025, 16/06/2025, 26/06/2025, 21/07/2025, 22/07/2025, 16/08/2025, 19/08/2025 | Q68: =VLOOKUP(D68,[1]Sheet0!$C$1:$H$65536,6,0) -> NSM MÙA HÈ
B69: THỰC PHẨM | C69: 153807 | D69: 4904046079753 | E69: NAKATA - Rượu mơ Vàng 720ml | F69: 410000 | G69: 81 | H69: 64 | I69: -27 | J69: 10 | M69: =+J69+I69 -> -17 | N69: =+M69*F69 -> -6970000 | O69: Bán nhầm 154412 x1, 153730x2, 231566 x2, 154434 x4, 152656 x8 | P69: 11/02/2026, 23/02/2026, 24/02/2026, 02/03/2026, 17/03/2026, 19/03/2026, 23/03/2026, 30/03/2026, 04/05/2026 | Q69: =VLOOKUP(D69,[1]Sheet0!$C$1:$H$65536,6,0) -> RƯỢU
B70: THỰC PHẨM | C70: 153087 | D70: 4901830351743 | E70: SANRITSU- BÁNH QUY DASSES NHÂN SOCOLA TRẮNG 12 CÁI | F70: 68000 | G70: 39 | H70: 22 | I70: -1 | J70: -16 | M70: =+J70+I70 -> -17 | N70: =+M70*F70 -> -1156000 | O70: Bán nhầm 154455 x17 | P70: 46000 | Q70: =VLOOKUP(D70,[1]Sheet0!$C$1:$H$65536,6,0) -> BÁNH KẸO, ĐỒ ĂN VẶT
B71: THỰC PHẨM | C71: 153798 | D71: 4902777234946 | E71: MEIJI- Socola sữa Himilk 120g 26 thanh | F71: 145000 | G71: 55 | H71: 38 | I71: -12 | J71: -5 | M71: =+J71+I71 -> -17 | N71: =+M71*F71 -> -2465000 | O71: Bán nhầm 152903 x16, 153248 x1 | P71: 04/02/2026, 09/02/2026, 11/05/2026 | Q71: =VLOOKUP(D71,[1]Sheet0!$C$1:$H$65536,6,0) -> BÁNH KẸO, ĐỒ ĂN VẶT
B72: THỰC PHẨM | C72: 153186 | D72: 4902777198729 | E72: MEIJI- Socola hạnh nhân đậm vị 75g | F72: 105000 | G72: 21 | H72: 5 | I72: -16 | M72: =+J72+I72 -> -16 | N72: =+M72*F72 -> -1680000 | O72: Không rõ nguyên nhân | P72: 17/01/2026, 24/02/2026, 06/03/2026 | Q72: =VLOOKUP(D72,[1]Sheet0!$C$1:$H$65536,6,0) -> BÁNH KẸO, ĐỒ ĂN VẶT
B73: THỰC PHẨM | C73: 153768 | D73: 4901111596511 | E73: AFG- Trà Rooibos mật ong 7 gói | F73: 115000 | G73: 51 | H73: 35 | I73: -1 | J73: -15 | M73: =+J73+I73 -> -16 | N73: =+M73*F73 -> -1840000 | O73: Bán nhầm 154470 x8, 150043 x3, 152111 x5 | P73: 46132 | Q73: =VLOOKUP(D73,[1]Sheet0!$C$1:$H$65536,6,0) -> ĐỒ UỐNG, PHA CHẾ
B74: THỰC PHẨM | C74: 153786 | D74: 4903333261963 | E74: LOTTE- Socola boc hạnh nhân giòn 80g | F74: 125000 | G74: 29 | H74: 13 | I74: -16 | M74: =+J74+I74 -> -16 | N74: =+M74*F74 -> -2000000 | O74: Bán nhầm 150350 x15, 154602 x1 | P74: 27/01/2026, 07/02/2026, 23/02/2026 | Q74: =VLOOKUP(D74,[1]Sheet0!$C$1:$H$65536,6,0) -> BÁNH KẸO, ĐỒ ĂN VẶT
B75: THỰC PHẨM | C75: 154512 | D75: 4571157250564 | E75: ORIHIRO- Thạch mềm vị dâu và quýt 240g | F75: 75000 | G75: 27 | H75: 11 | I75: -16 | M75: =+J75+I75 -> -16 | N75: =+M75*F75 -> -1200000 | O75: Bán nhầm 153291 x16 | P75: 22/12/2025 11:13:54 AM, 24/02/2026, 26/02/2026 | Q75: =VLOOKUP(D75,[1]Sheet0!$C$1:$H$65536,6,0) -> BÁNH KẸO, ĐỒ ĂN VẶT
B76: BỈM | C76: 220060 | D76: 4580784261379 | E76: ANYZOO- Bỉm quần Premium size XXL 38 miếng | F76: 289000 | G76: 123 | H76: 107 | I76: -16 | M76: =+J76+I76 -> -16 | N76: =+M76*F76 -> -4624000 | O76: Bán nhầm 220059 x16 | P76: 03/11/2025, 05/11/2025, 06/11/2025, 13/01/2026, 23/04/2026 | Q76: =VLOOKUP(D76,[1]Sheet0!$C$1:$H$65536,6,0) -> ANYZOO
B77: NGÀNH KHÁC | C77: 178546 | D77: DGMD10080 | E77: Đồng giá 80K | F77: 80000 | G77: 93 | H77: 78 | I77: -12 | J77: -3 | M77: =+J77+I77 -> -15 | N77: =+M77*F77 -> -1200000 | O77: Không rõ nguyên nhân | P77: 18/07/2025, 28/07/2025, 11/08/2025, 25/08/2025, 16/09/2025, 04/12/2025, 23/02/2026 | Q77: =VLOOKUP(D77,[1]Sheet0!$C$1:$H$65536,6,0) -> ĐỒNG GIÁ DATE
B78: NGÀNH KHÁC | C78: 178540 | D78: DGMD10060 | E78: Đồng giá 60K | F78: 60000 | G78: 84 | H78: 70 | I78: -3 | J78: -11 | M78: =+J78+I78 -> -14 | N78: =+M78*F78 -> -840000 | O78: Không rõ nguyên nhân | P78: 21/01/2026, 27/01/2026, 23/02/2026 | Q78: =VLOOKUP(D78,[1]Sheet0!$C$1:$H$65536,6,0) -> ĐỒNG GIÁ DATE
B79: CHĂM SÓC SẮC ĐẸP | C79: 102324 | D79: 4973202315035 | E79: S SELECT- Bông tẩy trang hộp 80 miếng | F79: 39000 | G79: 14 | H79: 0 | J79: -14 | M79: =+J79+I79 -> -14 | N79: =+M79*F79 -> -546000 | O79: Bán nhầm 230980 x11 | Q79: =VLOOKUP(D79,[1]Sheet0!$C$1:$H$65536,6,0) -> Mỹ phẩm khác
B80: NHÀ CỬA ĐỜI SỐNG | C80: 134096 | D80: 8906081441270 | E80: KAI- Dao nhà bếp màu vàng 112mm (Slim pack) | F80: 60000 | G80: 14 | H80: 0 | J80: -14 | M80: =+J80+I80 -> -14 | N80: =+M80*F80 -> -840000 | O80: Bán nhầm 134100 x5, 134099 x2, 133843 x3, 134104 x1 | Q80: =VLOOKUP(D80,[1]Sheet0!$C$1:$H$65536,6,0) -> BẾP VÀ PHÒNG ĂN
B81: NGÀNH KHÁC | C81: 178545 | D81: DGMD10020 | E81: Đồng giá 20K | F81: 20000 | G81: 227 | H81: 214 | I81: -19 | J81: 6 | M81: =+J81+I81 -> -13 | N81: =+M81*F81 -> -260000 | O81: Không rõ nguyên nhân | P81: 18/08/2025, 25/08/2025, 30/09/2025, 07/11/2025, 10/11/2025, 05/12/2025, 09/12/2025, 15/01/2026, 21/01/2026, 30/01/2026, 01/04/2026, 04/04/2026, 06/04/2026 8:51:40 AM | Q81: =VLOOKUP(D81,[1]Sheet0!$C$1:$H$65536,6,0) -> ĐỒNG GIÁ DATE
B82: NGÀNH KHÁC | C82: 178675 | D82: 1715002502665 | E82: SKK- Túi quà hoạ tiết hoa dây nơ size S 18x16x10cm | F82: 20000 | G82: 38 | H82: 25 | I82: -13 | M82: =+J82+I82 -> -13 | N82: =+M82*F82 -> -260000 | O82: Không rõ nguyên nhân | P82: 15/09/2025, 30/09/2025, 06/10/2025, 13/10/2025, 16/10/2025, 05/11/2025, 19/03/2026 | Q82: =VLOOKUP(D82,[1]Sheet0!$C$1:$H$65536,6,0) -> HÀNG MARKETING
B83: THỰC PHẨM | C83: 153688 | D83: 8938548111044 | E83: IZUMI -Nước khoáng Ion Kiềm thiên nhiên | F83: 8000 | G83: 13 | H83: 0 | J83: -13 | M83: =+J83+I83 -> -13 | N83: =+M83*F83 -> -104000 | O83: Không rõ nguyên nhân | Q83: =VLOOKUP(D83,[1]Sheet0!$C$1:$H$65536,6,0) -> ĐỒ UỐNG, PHA CHẾ
B84: NGÀNH KHÁC | C84: 178609 | D84: DGMD10959 | E84: Đồng giá 959k | F84: 959000 | G84: 13 | H84: 0 | I84: -13 | M84: =+J84+I84 -> -13 | N84: =+M84*F84 -> -12467000 | O84: Bán nhầm 178614 x13 | P84: 45951 | Q84: =VLOOKUP(D84,[1]Sheet0!$C$1:$H$65536,6,0) -> ĐỒNG GIÁ DATE
B85: CHĂM SÓC HÀNG NGÀY | C85: 30045 | D85: 4952130004020 | E85: S SELECT- Bàn chải lông mềm đầu rộng | F85: 59000 | G85: 28 | H85: 15 | J85: -13 | M85: =+J85+I85 -> -13 | N85: =+M85*F85 -> -767000 | O85: Bán nhầm 30046 x12, 30044 x1 | Q85: =VLOOKUP(D85,[1]Sheet0!$C$1:$H$65536,6,0) -> CHĂM SÓC RĂNG MIỆNG
B86: CHĂM SÓC SẮC ĐẸP | C86: 100423 | D86: 4901872441587 | E86: SHISEIDO- Sữa tắm Perfect Bubble hương hoa tự nhiên 500ml (xanh) | F86: 217000 | G86: 23 | H86: 11 | I86: -8 | J86: -4 | M86: =+J86+I86 -> -12 | N86: =+M86*F86 -> -2604000 | O86: Bán nhầm 102337 x12 | P86: 18/12/2025, 25/12/2025 3:20:39 PM, 08/01/2026 10:07:08 AM, 07/02/2026, 23/02/2026 | Q86: =VLOOKUP(D86,[1]Sheet0!$C$1:$H$65536,6,0) -> CHĂM SÓC CƠ THỂ
B87: CHĂM SÓC SẮC ĐẸP | C87: 100847 | D87: 4901872443758 | E87: SHISEIDO- Sữa tắm Bubble Sweet floral 500ml | F87: 217000 | G87: 41 | H87: 29 | I87: -5 | J87: -7 | M87: =+J87+I87 -> -12 | N87: =+M87*F87 -> -2604000 | O87: Bán nhầm 102337 x2, 102365 x10 | P87: 03/02/2026, 20/04/2026, 22/04/2026, 28/04/2026, 04/05/2026 | Q87: =VLOOKUP(D87,[1]Sheet0!$C$1:$H$65536,6,0) -> CHĂM SÓC CƠ THỂ
B88: THỰC PHẨM | C88: 152836 | D88: 4903308060461 | E88: QBB- Phô mai vị Nho Chardonnay 90g (6 miếng) | F88: 85000 | G88: 12 | H88: 0 | I88: -1 | J88: -11 | M88: =+J88+I88 -> -12 | N88: =+M88*F88 -> -1020000 | O88: Bán nhầm 152241 x12 | P88: 46114 | Q88: =VLOOKUP(D88,[1]Sheet0!$C$1:$H$65536,6,0) -> SẢN PHẨM TỪ SỮA
B89: THỰC PHẨM | C89: 154092 | D89: 4902888351983A | E89: MORINAGA - Kem Ramune soda và nho hộp 10 chiếc | F89: 125000 | G89: 32 | H89: 20 | I89: -3 | J89: -9 | M89: =+J89+I89 -> -12 | N89: =+M89*F89 -> -1500000 | O89: Bán nhầm 154009 x7,154010 x5 | P89: 16/03/2026, 06/04/2026 8:51:40 AM | Q89: =VLOOKUP(D89,[1]Sheet0!$C$1:$H$65536,6,0) -> SẢN PHẨM TỪ SỮA
B90: NGÀNH KHÁC | C90: 178542 | D90: DGMD10070 | E90: Đồng giá 70K | F90: 70000 | G90: 48 | H90: 36 | I90: 1 | J90: -13 | M90: =+J90+I90 -> -12 | N90: =+M90*F90 -> -840000 | O90: Không rõ nguyên nhân | P90: 04/07/2025, 08/09/2025, 29/12/2025 4:00:32 PM | Q90: =VLOOKUP(D90,[1]Sheet0!$C$1:$H$65536,6,0) -> ĐỒNG GIÁ DATE
B91: CHĂM SÓC SẮC ĐẸP | C91: 102241 | D91: 4550516905550 | E91: SHISEIDO – Dầu xả Tsubaki giảm gãy rụng 450ml | F91: 269000 | G91: 12 | H91: 0 | J91: -12 | M91: =+J91+I91 -> -12 | N91: =+M91*F91 -> -3228000 | O91: Bán nhầm 102251 x12 | Q91: =VLOOKUP(D91,[1]Sheet0!$C$1:$H$65536,6,0) -> CHĂM SÓC TÓC
B92: NHÀ CỬA ĐỜI SỐNG | C92: 130747 | D92: 4984824719811 | E92: PANASONIC- Pin tiểu 2A- 2 pcs | F92: 65000 | G92: 28 | H92: 16 | J92: -12 | M92: =+J92+I92 -> -12 | N92: =+M92*F92 -> -780000 | O92: Không rõ nguyên nhân | Q92: =VLOOKUP(D92,[1]Sheet0!$C$1:$H$65536,6,0) -> ĐỒ DÙNG SINH HOẠT GIA ĐÌNH
B93: CHĂM SÓC HÀNG NGÀY | C93: 30098 | D93: 4949176220125 | E93: TO-PLAN- Khẩu trang gọng mềm 120 chiếc | F93: 295000 | G93: 23 | H93: 11 | J93: -12 | M93: =+J93+I93 -> -12 | N93: =+M93*F93 -> -3540000 | O93: Không rõ nguyên nhân | Q93: =VLOOKUP(D93,[1]Sheet0!$C$1:$H$65536,6,0) -> KHẨU TRANG
B94: NHÀ CỬA ĐỜI SỐNG | C94: 133466 | D94: 49599121 | E94: KANEYO- Bánh xà phòng nhà bếp hương bạc hà 135g | F94: 45000 | G94: 21 | H94: 10 | I94: -1 | J94: -10 | M94: =+J94+I94 -> -11 | N94: =+M94*F94 -> -495000 | O94: Không rõ nguyên nhân | P94: 45964 | Q94: =VLOOKUP(D94,[1]Sheet0!$C$1:$H$65536,6,0) -> XÀ PHÒNG, CHẤT TẨY RỬA
B95: THỰC PHẨM | C95: 150140 | D95: 4902380135845 | E95: NISSIN- Dầu ăn hạt cải 1L | F95: 135000 | G95: 416 | H95: 405 | I95: -11 | M95: =+J95+I95 -> -11 | N95: =+M95*F95 -> -1485000 | O95: Bán nhầm 150457 x11 | P95: 09/03/2026, 10/03/2026, 11/03/2026, 16/03/2026, 17/03/2026, 30/03/2026, 31/03/2026, 01/04/2026, 02/04/2026, 03/04/2026, 04/05/2026, 06/05/2026 | Q95: =VLOOKUP(D95,[1]Sheet0!$C$1:$H$65536,6,0) -> GIA VỊ
B96: NGÀNH KHÁC | C96: 178592 | D96: DGMD10085N | E96: Đồng giá 85K | F96: 85000 | G96: 15 | H96: 4 | I96: -1 | J96: -10 | M96: =+J96+I96 -> -11 | N96: =+M96*F96 -> -935000 | O96: Không rõ nguyên nhân | P96: 14/07/2025, 11/09/2025, 12/09/2025, 03/11/2025, 24/02/2026 | Q96: =VLOOKUP(D96,[1]Sheet0!$C$1:$H$65536,6,0) -> #N/A
B97: NGÀNH KHÁC | C97: 178409 | D97: 1718002211001 | E97: SAKUKO- Hộp quà Tết tự mix bản màu xanh | F97: 100000 | G97: 16 | H97: 5 | I97: -11 | M97: =+J97+I97 -> -11 | N97: =+M97*F97 -> -1100000 | O97: Không rõ nguyên nhân | P97: 46090 | Q97: =VLOOKUP(D97,[1]Sheet0!$C$1:$H$65536,6,0) -> FRANCHISE
B98: CHĂM SÓC SẮC ĐẸP | C98: 101562 | D98: 4987205080609 | E98: HOYU-Thuốc nhuộm bạc Bigen dạng kem-nâuNatural 6G | F98: 195000 | G98: 24 | H98: 14 | I98: -10 | M98: =+J98+I98 -> -10 | N98: =+M98*F98 -> -1950000 | O98: Bán nhầm 101563 x10 | P98: 10/12/2025, 15/12/2025 3:08:37 PM | Q98: =VLOOKUP(D98,[1]Sheet0!$C$1:$H$65536,6,0) -> CHĂM SÓC TÓC
B99: NHÀ CỬA ĐỜI SỐNG | C99: 134030 | D99: 1312042305005 | E99: ONISHI IRYO- VỎ GỐI LÀM MÁT 43×63CM | F99: 60000 | G99: 19 | H99: 9 | I99: -1 | J99: -9 | M99: =+J99+I99 -> -10 | N99: =+M99*F99 -> -600000 | O99: Không rõ nguyên nhân | P99: 45828 | Q99: =VLOOKUP(D99,[1]Sheet0!$C$1:$H$65536,6,0) -> ĐỒ DÙNG SINH HOẠT GIA ĐÌNH
B100: NGÀNH KHÁC | C100: 178563 | D100: DGMD10125 | E100: Đồng giá 125K | F100: 125000 | G100: 96 | H100: 86 | I100: -9 | J100: -1 | M100: =+J100+I100 -> -10 | N100: =+M100*F100 -> -1250000 | O100: Không rõ nguyên nhân | P100: 20/06/2025, 04/07/2025, 04/08/2025, 23/10/2025 | Q100: =VLOOKUP(D100,[1]Sheet0!$C$1:$H$65536,6,0) -> ĐỒNG GIÁ DATE
B101: NGÀNH KHÁC | C101: 178587 | D101: DGMD10040N | E101: Đồng giá 40K | F101: 40000 | G101: 216 | H101: 206 | I101: 1 | J101: -11 | M101: =+J101+I101 -> -10 | N101: =+M101*F101 -> -400000 | O101: Không rõ nguyên nhân | P101: 13/06/2025, 14/07/2025, 15/09/2025, 22/09/2025, 23/09/2025, 30/09/2025, 06/10/2025, 23/10/2025, 24/10/2025, 09/12/2025 | Q101: =VLOOKUP(D101,[1]Sheet0!$C$1:$H$65536,6,0) -> #N/A
B102: Bỉm | C102: 220074 | D102: 4901301443021 | E102: MERRIES- Bỉm quần XXL 24 +2 miếng | F102: 350000 | G102: 28 | H102: 18 | I102: -8 | J102: -2 | M102: =+J102+I102 -> -10 | N102: =+M102*F102 -> -3500000 | O102: Bán nhầm 220076 x6, 220045 x4 | P102: 24/02/2026, 25/02/2026, 27/02/2026, 16/03/2026 | Q102: =VLOOKUP(D102,[1]Sheet0!$C$1:$H$65536,6,0) -> MERRIES
...

Sheet Sheet1
A1: Ngành | B1: Mã hàng | C1: Barcode | D1: Tên SP | E1: Giá | F1: Mã hàng | G1: Ngành | H1: Nhóm | I1: Loại | J1: date | S1: Tên SP | T1: Giá | U1: Mã hàng | V1: Ngành | W1: Nhóm | X1: Loại
A2: CHĂM SÓC SẮC ĐẸP | B2: 100020 | C2: 4971710311587 | D2: KOSE- Sữa tắm Softymo White Body Soap chống lão hóa Ha (600ml) | E2: 259000 | F2: 49 | G2: 54 | I2: 5 | J2: 23/03/2026, 24/03/2026, 28/04/2026 | K2: =B2 -> 100020 | L2: =A2 -> CHĂM SÓC SẮC ĐẸP | P2: =VLOOKUP(Q2,K:L,2,0) -> CHĂM SÓC SẮC ĐẸP | Q2: =VLOOKUP(R2,C:K,9,0) -> 100020 | R2: 4971710311587 | S2: =VLOOKUP(R2,C:D,2,0) -> KOSE- Sữa tắm Softymo White Body Soap chống lão hóa Ha (600ml) | T2: =VLOOKUP(R2,C:E,3,0) -> 259000 | U2: 171 | V2: 173 | W2: -3 | X2: 5 | Y2: =+X2+W2 -> 2 | Z2: =+Y2*T2 -> 518000 | AA2: 23/03/2026, 24/03/2026, 28/04/2026
A3: CHĂM SÓC SẮC ĐẸP | B3: 100020 | C3: 4971710311587 | D3: KOSE- Sữa tắm Softymo White Body Soap chống lão hóa Ha (600ml) | E3: 259000 | F3: 68 | G3: 67 | H3: -1 | J3: 23/03/2026, 24/03/2026, 28/04/2026 | K3: =B3 -> 100020 | L3: =A3 -> CHĂM SÓC SẮC ĐẸP | P3: =VLOOKUP(Q3,K:L,2,0) -> CHĂM SÓC SẮC ĐẸP | Q3: =VLOOKUP(R3,C:K,9,0) -> 100187 | R3: 4511413302163 | S3: =VLOOKUP(R3,C:D,2,0) -> DHC-Son dưỡng Lip Cream không màu 1.5g | T3: =VLOOKUP(R3,C:E,3,0) -> 199000 | U3: -35 | V3: 1 | W3: 36 | Y3: =+X3+W3 -> 36 | Z3: =+Y3*T3 -> 7164000 | AA3: 18/12/2025, 22/12/2025 11:13:54 AM, 23/12/2025 3:28:13 PM, 27/01/2026, 29/01/2026, 30/01/2026, 07/02/2026, 09/02/2026, 24/02/2026, 25/02/2026, 09/03/2026, 16/03/2026
A4: CHĂM SÓC SẮC ĐẸP | B4: 100020 | C4: 4971710311587 | D4: KOSE- Sữa tắm Softymo White Body Soap chống lão hóa Ha (600ml) | E4: 259000 | F4: 1 | G4: 0 | H4: -1 | J4: 23/03/2026, 24/03/2026, 28/04/2026 | K4: =B4 -> 100020 | L4: =A4 -> CHĂM SÓC SẮC ĐẸP | P4: =VLOOKUP(Q4,K:L,2,0) -> CHĂM SÓC SẮC ĐẸP | Q4: =VLOOKUP(R4,C:K,9,0) -> 100205 | R4: 4956962108017 | S4: =VLOOKUP(R4,C:D,2,0) -> ALOINS- Kem dưỡng da toàn thân Aloins Cream 185g | T4: =VLOOKUP(R4,C:E,3,0) -> 350000 | U4: 62 | V4: 61 | W4: -3 | X4: 2 | Y4: =+X4+W4 -> -1 | Z4: =+Y4*T4 -> -350000 | AA4: 27/03/2026, 30/03/2026
A5: CHĂM SÓC SẮC ĐẸP | B5: 100020 | C5: 4971710311587 | D5: KOSE- Sữa tắm Softymo White Body Soap chống lão hóa Ha (600ml) | E5: 259000 | F5: 53 | G5: 52 | H5: -1 | J5: 23/03/2026, 24/03/2026, 28/04/2026 | K5: =B5 -> 100020 | L5: =A5 -> CHĂM SÓC SẮC ĐẸP | P5: =VLOOKUP(Q5,K:L,2,0) -> CHĂM SÓC SẮC ĐẸP | Q5: =VLOOKUP(R5,C:K,9,0) -> 100423 | R5: 4901872441587 | S5: =VLOOKUP(R5,C:D,2,0) -> SHISEIDO- Sữa tắm Perfect Bubble hương hoa tự nhiên 500ml (xanh) | T5: =VLOOKUP(R5,C:E,3,0) -> 217000 | U5: 23 | V5: 11 | W5: -8 | X5: -4 | Y5: =+X5+W5 -> -12 | Z5: =+Y5*T5 -> -2604000 | AA5: 18/12/2025, 25/12/2025 3:20:39 PM, 08/01/2026 10:07:08 AM, 07/02/2026, 23/02/2026
A6: CHĂM SÓC SẮC ĐẸP | B6: 100187 | C6: 4511413302163 | D6: DHC-Son dưỡng Lip Cream không màu 1.5g | E6: 199000 | F6: -8 | G6: 0 | H6: 8 | J6: 18/12/2025, 22/12/2025 11:13:54 AM, 23/12/2025 3:28:13 PM, 27/01/2026, 29/01/2026, 30/01/2026, 07/02/2026, 09/02/2026, 24/02/2026, 25/02/2026, 09/03/2026, 16/03/2026 | K6: =B6 -> 100187 | L6: =A6 -> CHĂM SÓC SẮC ĐẸP | P6: =VLOOKUP(Q6,K:L,2,0) -> CHĂM SÓC SẮC ĐẸP | Q6: =VLOOKUP(R6,C:K,9,0) -> 100847 | R6: 4901872443758 | S6: =VLOOKUP(R6,C:D,2,0) -> SHISEIDO- Sữa tắm Bubble Sweet floral 500ml | T6: =VLOOKUP(R6,C:E,3,0) -> 217000 | U6: 41 | V6: 29 | W6: -5 | X6: -7 | Y6: =+X6+W6 -> -12 | Z6: =+Y6*T6 -> -2604000 | AA6: 03/02/2026, 20/04/2026, 22/04/2026, 28/04/2026, 04/05/2026
A7: CHĂM SÓC SẮC ĐẸP | B7: 100187 | C7: 4511413302163 | D7: DHC-Son dưỡng Lip Cream không màu 1.5g | E7: 199000 | F7: -9 | G7: 0 | H7: 9 | J7: 18/12/2025, 22/12/2025 11:13:54 AM, 23/12/2025 3:28:13 PM, 27/01/2026, 29/01/2026, 30/01/2026, 07/02/2026, 09/02/2026, 24/02/2026, 25/02/2026, 09/03/2026, 16/03/2026 | K7: =B7 -> 100187 | L7: =A7 -> CHĂM SÓC SẮC ĐẸP | P7: =VLOOKUP(Q7,K:L,2,0) -> CHĂM SÓC SẮC ĐẸP | Q7: =VLOOKUP(R7,C:K,9,0) -> 100894 | R7: 4531261702458 | S7: =VLOOKUP(R7,C:D,2,0) -> COTTON LABO- Giấy thấm dầu 120 tờ | T7: =VLOOKUP(R7,C:E,3,0) -> 90000 | U7: -2 | V7: 0 | W7: 2 | Y7: =+X7+W7 -> 2 | Z7: =+Y7*T7 -> 180000 | AA7: 09/02/2026, 09/03/2026
A8: CHĂM SÓC SẮC ĐẸP | B8: 100187 | C8: 4511413302163 | D8: DHC-Son dưỡng Lip Cream không màu 1.5g | E8: 199000 | F8: -3 | G8: 0 | H8: 3 | J8: 18/12/2025, 22/12/2025 11:13:54 AM, 23/12/2025 3:28:13 PM, 27/01/2026, 29/01/2026, 30/01/2026, 07/02/2026, 09/02/2026, 24/02/2026, 25/02/2026, 09/03/2026, 16/03/2026 | K8: =B8 -> 100187 | L8: =A8 -> CHĂM SÓC SẮC ĐẸP | P8: =VLOOKUP(Q8,K:L,2,0) -> CHĂM SÓC HÀNG NGÀY | Q8: =VLOOKUP(R8,C:K,9,0) -> 101007 | R8: 4538604150020 | S8: =VLOOKUP(R8,C:D,2,0) -> UFC- Bàn chải Dent Ultima TL-S 1 loại mềm | T8: =VLOOKUP(R8,C:E,3,0) -> 58000 | U8: -5 | V8: 0 | W8: 5 | Y8: =+X8+W8 -> 5 | Z8: =+Y8*T8 -> 290000 | AA8: 03/11/2025, 05/11/2025
A9: CHĂM SÓC SẮC ĐẸP | B9: 100187 | C9: 4511413302163 | D9: DHC-Son dưỡng Lip Cream không màu 1.5g | E9: 199000 | F9: -2 | G9: 0 | H9: 2 | J9: 18/12/2025, 22/12/2025 11:13:54 AM, 23/12/2025 3:28:13 PM, 27/01/2026, 29/01/2026, 30/01/2026, 07/02/2026, 09/02/2026, 24/02/2026, 25/02/2026, 09/03/2026, 16/03/2026 | K9: =B9 -> 100187 | L9: =A9 -> CHĂM SÓC SẮC ĐẸP | P9: =VLOOKUP(Q9,K:L,2,0) -> CHĂM SÓC SẮC ĐẸP | Q9: =VLOOKUP(R9,C:K,9,0) -> 101352 | R9: 4513574027077 | S9: =VLOOKUP(R9,C:D,2,0) -> HATOMUGI- Sữa tắm trắng da ý dĩ 800ml | T9: =VLOOKUP(R9,C:E,3,0) -> 180000 | U9: 85 | V9: 100 | W9: 7 | X9: 8 | Y9: =+X9+W9 -> 15 | Z9: =+Y9*T9 -> 2700000 | AA9: 29/01/2026, 30/01/2026, 02/02/2026, 06/02/2026, 09/03/2026
A10: CHĂM SÓC SẮC ĐẸP | B10: 100187 | C10: 4511413302163 | D10: DHC-Son dưỡng Lip Cream không màu 1.5g | E10: 199000 | F10: -2 | G10: 0 | H10: 2 | J10: 18/12/2025, 22/12/2025 11:13:54 AM, 23/12/2025 3:28:13 PM, 27/01/2026, 29/01/2026, 30/01/2026, 07/02/2026, 09/02/2026, 24/02/2026, 25/02/2026, 09/03/2026, 16/03/2026 | K10: =B10 -> 100187 | L10: =A10 -> CHĂM SÓC SẮC ĐẸP | P10: =VLOOKUP(Q10,K:L,2,0) -> CHĂM SÓC SẮC ĐẸP | Q10: =VLOOKUP(R10,C:K,9,0) -> 101369 | R10: 4901872958238 | S10: =VLOOKUP(R10,C:D,2,0) -> SHISEIDO- Kem dưỡng chống lão hóa Aqualabel 5in1 - 90G | T10: =VLOOKUP(R10,C:E,3,0) -> 480000 | U10: -4 | V10: 0 | W10: 4 | Y10: =+X10+W10 -> 4 | Z10: =+Y10*T10 -> 1920000 | AA10: 24/02/2026, 27/02/2026, 09/03/2026, 10/03/2026
A11: CHĂM SÓC SẮC ĐẸP | B11: 100187 | C11: 4511413302163 | D11: DHC-Son dưỡng Lip Cream không màu 1.5g | E11: 199000 | F11: -2 | G11: 0 | H11: 2 | J11: 18/12/2025, 22/12/2025 11:13:54 AM, 23/12/2025 3:28:13 PM, 27/01/2026, 29/01/2026, 30/01/2026, 07/02/2026, 09/02/2026, 24/02/2026, 25/02/2026, 09/03/2026, 16/03/2026 | K11: =B11 -> 100187 | L11: =A11 -> CHĂM SÓC SẮC ĐẸP | P11: =VLOOKUP(Q11,K:L,2,0) -> CHĂM SÓC SẮC ĐẸP | Q11: =VLOOKUP(R11,C:K,9,0) -> 101379 | R11: 4971710383904 | S11: =VLOOKUP(R11,C:D,2,0) -> KOSE- Kem Tay Q10 dưỡng trắng hương đào 80g | T11: =VLOOKUP(R11,C:E,3,0) -> 170000 | U11: -3 | V11: 0 | W11: 3 | Y11: =+X11+W11 -> 3 | Z11: =+Y11*T11 -> 510000 | AA11: 24/02/2026, 12/03/2026
A12: CHĂM SÓC SẮC ĐẸP | B12: 100187 | C12: 4511413302163 | D12: DHC-Son dưỡng Lip Cream không màu 1.5g | E12: 199000 | F12: -3 | G12: 0 | H12: 3 | J12: 18/12/2025, 22/12/2025 11:13:54 AM, 23/12/2025 3:28:13 PM, 27/01/2026, 29/01/2026, 30/01/2026, 07/02/2026, 09/02/2026, 24/02/2026, 25/02/2026, 09/03/2026, 16/03/2026 | K12: =B12 -> 100187 | L12: =A12 -> CHĂM SÓC SẮC ĐẸP | P12: =VLOOKUP(Q12,K:L,2,0) -> CHĂM SÓC SẮC ĐẸP | Q12: =VLOOKUP(R12,C:K,9,0) -> 101445 | R12: 4902468232008 | S12: =VLOOKUP(R12,C:D,2,0) -> MEISHOKU- Kem BB trang điểm- tone da trắng | T12: =VLOOKUP(R12,C:E,3,0) -> 345000 | U12: 19 | V12: 18 | W12: 1 | X12: -2 | Y12: =+X12+W12 -> -1 | Z12: =+Y12*T12 -> -345000 | AA12: 09/12/2025, 11/12/2025
A13: CHĂM SÓC SẮC ĐẸP | B13: 100187 | C13: 4511413302163 | D13: DHC-Son dưỡng Lip Cream không màu 1.5g | E13: 199000 | F13: -1 | G13: 0 | H13: 1 | J13: 18/12/2025, 22/12/2025 11:13:54 AM, 23/12/2025 3:28:13 PM, 27/01/2026, 29/01/2026, 30/01/2026, 07/02/2026, 09/02/2026, 24/02/2026, 25/02/2026, 09/03/2026, 16/03/2026 | K13: =B13 -> 100187 | L13: =A13 -> CHĂM SÓC SẮC ĐẸP | P13: =VLOOKUP(Q13,K:L,2,0) -> CHĂM SÓC SẮC ĐẸP | Q13: =VLOOKUP(R13,C:K,9,0) -> 101561 | R13: 4987205080302 | S13: =VLOOKUP(R13,C:D,2,0) -> HOYU-Thuốc nhuộm bạc Bigen dạng kem-hạt dẻ 3G | T13: =VLOOKUP(R13,C:E,3,0) -> 195000 | U13: 11 | V13: 20 | W13: -1 | X13: 10 | Y13: =+X13+W13 -> 9 | Z13: =+Y13*T13 -> 1755000 | AA13: 46079
A14: CHĂM SÓC SẮC ĐẸP | B14: 100205 | C14: 4956962108017 | D14: ALOINS- Kem dưỡng da toàn thân Aloins Cream 185g | E14: 350000 | F14: 28 | G14: 30 | I14: 2 | J14: 27/03/2026, 30/03/2026 | K14: =B14 -> 100205 | L14: =A14 -> CHĂM SÓC SẮC ĐẸP | P14: =VLOOKUP(Q14,K:L,2,0) -> CHĂM SÓC SẮC ĐẸP | Q14: =VLOOKUP(R14,C:K,9,0) -> 101562 | R14: 4987205080609 | S14: =VLOOKUP(R14,C:D,2,0) -> HOYU-Thuốc nhuộm bạc Bigen dạng kem-nâuNatural 6G | T14: =VLOOKUP(R14,C:E,3,0) -> 195000 | U14: 24 | V14: 14 | W14: -10 | Y14: =+X14+W14 -> -10 | Z14: =+Y14*T14 -> -1950000 | AA14: 10/12/2025, 15/12/2025 3:08:37 PM
A15: CHĂM SÓC SẮC ĐẸP | B15: 100205 | C15: 4956962108017 | D15: ALOINS- Kem dưỡng da toàn thân Aloins Cream 185g | E15: 350000 | F15: 1 | G15: 0 | H15: -1 | J15: 27/03/2026, 30/03/2026 | K15: =B15 -> 100205 | L15: =A15 -> CHĂM SÓC SẮC ĐẸP | P15: =VLOOKUP(Q15,K:L,2,0) -> CHĂM SÓC SẮC ĐẸP | Q15: =VLOOKUP(R15,C:K,9,0) -> 101563 | R15: 4987205080500 | S15: =VLOOKUP(R15,C:D,2,0) -> HOYU-Thuốc nhuộm bạc Bigen dạng kem-hạt dẻ đậm 5G | T15: =VLOOKUP(R15,C:E,3,0) -> 195000 | U15: -13 | V15: 0 | W15: 13 | Y15: =+X15+W15 -> 13 | Z15: =+Y15*T15 -> 2535000 | AA15: 10/12/2025, 15/12/2025 3:08:37 PM, 24/02/2026, 26/02/2026
A16: CHĂM SÓC SẮC ĐẸP | B16: 100205 | C16: 4956962108017 | D16: ALOINS- Kem dưỡng da toàn thân Aloins Cream 185g | E16: 350000 | F16: 33 | G16: 31 | H16: -2 | J16: 27/03/2026, 30/03/2026 | K16: =B16 -> 100205 | L16: =A16 -> CHĂM SÓC SẮC ĐẸP | P16: =VLOOKUP(Q16,K:L,2,0) -> CHĂM SÓC SẮC ĐẸP | Q16: =VLOOKUP(R16,C:K,9,0) -> 101614 | R16: 4513574031319 | S16: =VLOOKUP(R16,C:D,2,0) -> HATOMUGI- Xịt khoáng ý dĩ dưỡng ẩm 250ml | T16: =VLOOKUP(R16,C:E,3,0) -> 145000 | U16: 28 | V16: 21 | W16: -9 | X16: 2 | Y16: =+X16+W16 -> -7 | Z16: =+Y16*T16 -> -1015000 | AA16: 01/04/2026, 07/04/2026 10:37:54 AM, 28/04/2026, 04/05/2026
A17: CHĂM SÓC SẮC ĐẸP | B17: 100423 | C17: 4901872441587 | D17: SHISEIDO- Sữa tắm Perfect Bubble hương hoa tự nhiên 500ml (xanh) | E17: 217000 | F17: 1 | G17: 0 | H17: -1 | J17: 18/12/2025, 25/12/2025 3:20:39 PM, 08/01/2026 10:07:08 AM, 07/02/2026, 23/02/2026 | K17: =B17 -> 100423 | L17: =A17 -> CHĂM SÓC SẮC ĐẸP | P17: =VLOOKUP(Q17,K:L,2,0) -> CHĂM SÓC SẮC ĐẸP | Q17: =VLOOKUP(R17,C:K,9,0) -> 101631 | R17: 4511413310007 | S17: =VLOOKUP(R17,C:D,2,0) -> DHC- Son dưỡng môi Colour Lip (Cam Apricot) | T17: =VLOOKUP(R17,C:E,3,0) -> 199000 | U17: 8 | V17: 4 | W17: -4 | Y17: =+X17+W17 -> -4 | Z17: =+Y17*T17 -> -796000 | AA17: 09/12/2025, 29/01/2026, 30/01/2026, 09/02/2026
A18: CHĂM SÓC SẮC ĐẸP | B18: 100423 | C18: 4901872441587 | D18: SHISEIDO- Sữa tắm Perfect Bubble hương hoa tự nhiên 500ml (xanh) | E18: 217000 | F18: 1 | G18: 0 | H18: -1 | J18: 18/12/2025, 25/12/2025 3:20:39 PM, 08/01/2026 10:07:08 AM, 07/02/2026, 23/02/2026 | K18: =B18 -> 100423 | L18: =A18 -> CHĂM SÓC SẮC ĐẸP | P18: =VLOOKUP(Q18,K:L,2,0) -> CHĂM SÓC SẮC ĐẸP | Q18: =VLOOKUP(R18,C:K,9,0) -> 101728 | R18: 4531261702311 | S18: =VLOOKUP(R18,C:D,2,0) -> COTTON LABO- Giấy thấm dầu (150 tờ) | T18: =VLOOKUP(R18,C:E,3,0) -> 90000 | U18: 124 | V18: 125 | W18: -2 | X18: 3 | Y18: =+X18+W18 -> 1 | Z18: =+Y18*T18 -> 90000 | AA18: 09/02/2026, 09/03/2026
A19: CHĂM SÓC SẮC ĐẸP | B19: 100423 | C19: 4901872441587 | D19: SHISEIDO- Sữa tắm Perfect Bubble hương hoa tự nhiên 500ml (xanh) | E19: 217000 | F19: 8 | G19: 7 | H19: -1 | J19: 18/12/2025, 25/12/2025 3:20:39 PM, 08/01/2026 10:07:08 AM, 07/02/2026, 23/02/2026 | K19: =B19 -> 100423 | L19: =A19 -> CHĂM SÓC SẮC ĐẸP | P19: =VLOOKUP(Q19,[1]Sheet0!$F$1:$G$65536,2,0) -> CHĂM SÓC SẮC ĐẸP | Q19: =VLOOKUP(R19,[1]Sheet0!$C$1:$F$65536,4,0) -> 101762 | R19: 4513574037595 | S19: =VLOOKUP(R19,[1]Sheet0!$C$1:$D$65536,2,0) -> KUMANO-Sữa tắm Pharmaact Men's siêu mát 600ml | T19: =VLOOKUP(R19,[1]Sheet0!$C$1:$E$65536,3,0) -> 139000 | U19: 44 | V19: 43 | W19: -2 | X19: 1 | Y19: =+X19+W19 -> -1 | Z19: =+Y19*T19 -> -139000 | AA19: 46125.371
A20: CHĂM SÓC SẮC ĐẸP | B20: 100847 | C20: 4901872443758 | D20: SHISEIDO- Sữa tắm Bubble Sweet floral 500ml | E20: 217000 | F20: 7 | G20: 0 | I20: -7 | J20: 03/02/2026, 20/04/2026, 22/04/2026, 28/04/2026, 04/05/2026 | K20: =B20 -> 100847 | L20: =A20 -> CHĂM SÓC SẮC ĐẸP | P20: =VLOOKUP(Q20,K:L,2,0) -> CHĂM SÓC SẮC ĐẸP | Q20: =VLOOKUP(R20,C:K,9,0) -> 101792 | R20: 4971710397208 | S20: =VLOOKUP(R20,C:D,2,0) -> KOSE - Kem Tay Q10 dưỡng trắng nâng tone 80g | T20: =VLOOKUP(R20,C:E,3,0) -> 170000 | U20: -3 | V20: 3 | W20: 3 | X20: 3 | Y20: =+X20+W20 -> 6 | Z20: =+Y20*T20 -> 1020000 | AA20: 09/02/2026, 23/02/2026, 24/04/2026
A21: CHĂM SÓC SẮC ĐẸP | B21: 100894 | C21: 4531261702458 | D21: COTTON LABO- Giấy thấm dầu 120 tờ | E21: 90000 | F21: -1 | G21: 0 | H21: 1 | J21: 09/02/2026, 09/03/2026 | K21: =B21 -> 100894 | L21: =A21 -> CHĂM SÓC SẮC ĐẸP | P21: =VLOOKUP(Q21,[1]Sheet0!$F$1:$G$65536,2,0) -> CHĂM SÓC SẮC ĐẸP | Q21: =VLOOKUP(R21,[1]Sheet0!$C$1:$F$65536,4,0) -> 101838 | R21: 4936201103034 | S21: =VLOOKUP(R21,[1]Sheet0!$C$1:$D$65536,2,0) -> ROLAND- Serum mix 5 loại dưỡng chất 20ml | T21: =VLOOKUP(R21,[1]Sheet0!$C$1:$E$65536,3,0) -> 385000 | U21: -2 | V21: 0 | W21: 2 | Y21: =+X21+W21 -> 2 | Z21: =+Y21*T21 -> 770000 | AA21: 24/02/2026, 23/03/2026
A22: CHĂM SÓC SẮC ĐẸP | B22: 100894 | C22: 4531261702458 | D22: COTTON LABO- Giấy thấm dầu 120 tờ | E22: 90000 | F22: -1 | G22: 0 | H22: 1 | J22: 09/02/2026, 09/03/2026 | K22: =B22 -> 100894 | L22: =A22 -> CHĂM SÓC SẮC ĐẸP | P22: =VLOOKUP(Q22,K:L,2,0) -> CHĂM SÓC SẮC ĐẸP | Q22: =VLOOKUP(R22,C:K,9,0) -> 101840 | R22: 4936201106400 | S22: =VLOOKUP(R22,C:D,2,0) -> ROLAND- Mặt nạ đất sét chăm sóc lỗ chân lông 100g | T22: =VLOOKUP(R22,C:E,3,0) -> 215000 | U22: 4 | V22: 7 | W22: 2 | X22: 1 | Y22: =+X22+W22 -> 3 | Z22: =+Y22*T22 -> 645000 | AA22: 46113
A23: CHĂM SÓC HÀNG NGÀY | B23: 101007 | C23: 4538604150020 | D23: UFC- Bàn chải Dent Ultima TL-S 1 loại mềm | E23: 58000 | F23: -2 | G23: 0 | H23: 2 | J23: 03/11/2025, 05/11/2025 | K23: =B23 -> 101007 | L23: =A23 -> CHĂM SÓC HÀNG NGÀY | P23: =VLOOKUP(Q23,K:L,2,0) -> CHĂM SÓC SẮC ĐẸP | Q23: =VLOOKUP(R23,C:K,9,0) -> 101865 | R23: 4580785220115 | S23: =VLOOKUP(R23,C:D,2,0) -> S-LABO- Lẻ mặt nạ tinh chất CICA 1 miếng | T23: =VLOOKUP(R23,C:E,3,0) -> 29000 | U23: 59 | V23: 60 | W23: -1 | X23: 2 | Y23: =+X23+W23 -> 1 | Z23: =+Y23*T23 -> 29000 | AA23: 46027.661
A24: CHĂM SÓC HÀNG NGÀY | B24: 101008 | C24: 4538604150051 | D24: UFC- Bàn chải Dent Ultima TR-S 1 loại mềm | E24: 58000 | F24: 8 | G24: 10 | I24: 2 | J24: 01/12/2025, 10/12/2025 | K24: =B24 -> 101008 | L24: =A24 -> CHĂM SÓC HÀNG NGÀY | P24: =VLOOKUP(Q24,K:L,2,0) -> CHĂM SÓC SẮC ĐẸP | Q24: =VLOOKUP(R24,C:K,9,0) -> 101877 | R24: 4550516474568 | S24: =VLOOKUP(R24,C:D,2,0) -> SHISEIDO- SỮA RỬA MẶT SENKA DƯỠNG ẨM 100G | T24: =VLOOKUP(R24,C:E,3,0) -> 135000 | U24: 16 | V24: 13 | W24: 0 | X24: -3 | Y24: =+X24+W24 -> -3 | Z24: =+Y24*T24 -> -405000 | AA24: 13/01/2026, 02/03/2026
A25: CHĂM SÓC SẮC ĐẸP | B25: 101023 | C25: 4901331000614 | D25: KAI- Set 4 lưỡi dao thay thế | E25: 235000 | F25: 11 | G25: 9 | I25: -2 | J25: 16/03/2026, 19/03/2026 | K25: =B25 -> 101023 | L25: =A25 -> CHĂM SÓC SẮC ĐẸP | P25: =VLOOKUP(Q25,K:L,2,0) -> CHĂM SÓC SẮC ĐẸP | Q25: =VLOOKUP(R25,C:K,9,0) -> 101950 | R25: 4909978147129 | S25: =VLOOKUP(R25,C:D,2,0) -> SHISEIDO- Gel CN Anessa nâng tông SPF50+ (90g) new | T25: =VLOOKUP(R25,C:E,3,0) -> 575000 | U25: -1 | V25: 0 | W25: 2 | X25: -1 | Y25: =+X25+W25 -> 1 | Z25: =+Y25*T25 -> 575000 | AA25: 46080
A26: CHĂM SÓC SẮC ĐẸP | B26: 101023 | C26: 4901331000614 | D26: KAI- Set 4 lưỡi dao thay thế | E26: 220000 | F26: -1 | G26: 0 | H26: 1 | J26: 16/03/2026, 19/03/2026 | K26: =B26 -> 101023 | L26: =A26 -> CHĂM SÓC SẮC ĐẸP | P26: =VLOOKUP(Q26,K:L,2,0) -> CHĂM SÓC SẮC ĐẸP | Q26: =VLOOKUP(R26,C:K,9,0) -> 101967 | R26: 1011042405004 | S26: =VLOOKUP(R26,C:D,2,0) -> SHISEIDO- Set sữa rửa mặt- mặt nạ Senka dưỡng ẩm | T26: =VLOOKUP(R26,C:E,3,0) -> 120000 | U26: -2 | V26: 0 | W26: 2 | Y26: =+X26+W26 -> 2 | Z26: =+Y26*T26 -> 240000 | AA26: 13/01/2026, 23/02/2026
A27: CHĂM SÓC SẮC ĐẸP | B27: 101352 | C27: 4513574027077 | D27: HATOMUGI- Sữa tắm trắng da ý dĩ 800ml | E27: 180000 | F27: -1 | G27: 0 | H27: 1 | J27: 29/01/2026, 30/01/2026, 02/02/2026, 06/02/2026, 09/03/2026 | K27: =B27 -> 101352 | L27: =A27 -> CHĂM SÓC SẮC ĐẸP | P27: =VLOOKUP(Q27,K:L,2,0) -> CHĂM SÓC SẮC ĐẸP | Q27: =VLOOKUP(R27,C:K,9,0) -> 101992 | R27: 4560119226686 | S27: =VLOOKUP(R27,C:D,2,0) -> MOIST DIANE- Sữa tắm dưỡng ẩm hương cam quýt | T27: =VLOOKUP(R27,C:E,3,0) -> 205000 | U27: -1 | V27: 0 | W27: 1 | Y27: =+X27+W27 -> 1 | Z27: =+Y27*T27 -> 205000 | AA27: 29/12/2025 4:00:32 PM, 04/04/2026, 13/04/2026 8:54:09 AM
A28: CHĂM SÓC SẮC ĐẸP | B28: 101352 | C28: 4513574027077 | D28: HATOMUGI- Sữa tắm trắng da ý dĩ 800ml | E28: 180000 | F28: -5 | G28: 0 | H28: 5 | J28: 29/01/2026, 30/01/2026, 02/02/2026, 06/02/2026, 09/03/2026 | K28: =B28 -> 101352 | L28: =A28 -> CHĂM SÓC SẮC ĐẸP | P28: =VLOOKUP(Q28,K:L,2,0) -> CHĂM SÓC SẮC ĐẸP | Q28: =VLOOKUP(R28,C:K,9,0) -> 102010 | R28: 4901525011686 | S28: =VLOOKUP(R28,C:D,2,0) -> COW- Sữa tắm bọt mịn dịu nhẹ cam chanh 500ml | T28: =VLOOKUP(R28,C:E,3,0) -> 139000 | U28: 72 | V28: 73 | W28: -3 | X28: 4 | Y28: =+X28+W28 -> 1 | Z28: =+Y28*T28 -> 139000 | AA28: 17/01/2026, 06/02/2026
A29: CHĂM SÓC SẮC ĐẸP | B29: 101352 | C29: 4513574027077 | D29: HATOMUGI- Sữa tắm trắng da ý dĩ 800ml | E29: 180000 | F29: 45 | G29: 41 | H29: -4 | J29: 29/01/2026, 30/01/2026, 02/02/2026, 06/02/2026, 09/03/2026 | K29: =B29 -> 101352 | L29: =A29 -> CHĂM SÓC SẮC ĐẸP | P29: =VLOOKUP(Q29,K:L,2,0) -> CHĂM SÓC SẮC ĐẸP | Q29: =VLOOKUP(R29,C:K,9,0) -> 102013 | R29: 4971710587562 | S29: =VLOOKUP(R29,C:D,2,0) -> KOSE- Kem Tay Q10 dưỡng trắng hương đào 80g | T29: =VLOOKUP(R29,C:E,3,0) -> 170000 | U29: 22 | V29: 20 | W29: -4 | X29: 2 | Y29: =+X29+W29 -> -2 | Z29: =+Y29*T29 -> -340000 | AA29: 24/02/2026, 19/03/2026, 23/03/2026, 24/03/2026
A30: CHĂM SÓC SẮC ĐẸP | B30: 101369 | C30: 4901872958238 | D30: SHISEIDO- Kem dưỡng chống lão hóa Aqualabel 5in1 - 90G | E30: 480000 | F30: -1 | G30: 0 | H30: 1 | J30: 24/02/2026, 27/02/2026, 09/03/2026, 10/03/2026 | K30: =B30 -> 101369 | L30: =A30 -> CHĂM SÓC SẮC ĐẸP | P30: =VLOOKUP(Q30,K:L,2,0) -> CHĂM SÓC SẮC ĐẸP | Q30: =VLOOKUP(R30,C:K,9,0) -> 102030 | R30: 4987205100659 | S30: =VLOOKUP(R30,C:D,2,0) -> HOYU- Thuốc nhuộm phủ bạc Bigen cho nam màu 05 | T30: =VLOOKUP(R30,C:E,3,0) -> 290000 | U30: 41 | V30: 39 | W30: -2 | Y30: =+X30+W30 -> -2 | Z30: =+Y30*T30 -> -580000 | AA30: 24/02/2026, 09/03/2026
A31: CHĂM SÓC SẮC ĐẸP | B31: 101369 | C31: 4901872958238 | D31: SHISEIDO- Kem dưỡng chống lão hóa Aqualabel 5in1 - 90G | E31: 480000 | F31: -1 | G31: 0 | H31: 1 | J31: 24/02/2026, 27/02/2026, 09/03/2026, 10/03/2026 | K31: =B31 -> 101369 | L31: =A31 -> CHĂM SÓC SẮC ĐẸP | P31: =VLOOKUP(Q31,K:L,2,0) -> CHĂM SÓC SẮC ĐẸP | Q31: =VLOOKUP(R31,C:K,9,0) -> 102031 | R31: 4987205100666 | S31: =VLOOKUP(R31,C:D,2,0) -> HOYU- Thuốc nhuộm phủ bạc Bigen cho nam màu 06 | T31: =VLOOKUP(R31,C:E,3,0) -> 290000 | U31: -2 | V31: 0 | W31: 2 | Y31: =+X31+W31 -> 2 | Z31: =+Y31*T31 -> 580000 | AA31: 24/02/2026, 09/03/2026
A32: CHĂM SÓC SẮC ĐẸP | B32: 101379 | C32: 4971710383904 | D32: KOSE- Kem Tay Q10 dưỡng trắng hương đào 80g | E32: 170000 | F32: -2 | G32: 0 | H32: 2 | J32: 24/02/2026, 12/03/2026 | K32: =B32 -> 101379 | L32: =A32 -> CHĂM SÓC SẮC ĐẸP | P32: =VLOOKUP(Q32,K:L,2,0) -> CHĂM SÓC SẮC ĐẸP | Q32: =VLOOKUP(R32,C:K,9,0) -> 102074 | R32: 4971710569605 | S32: =VLOOKUP(R32,C:D,2,0) -> KOSE-Kem nền Sekkisei Brightening BB SPF50+ 02 30g | T32: =VLOOKUP(R32,C:E,3,0) -> 595000 | U32: -6 | V32: 0 | W32: 6 | Y32: =+X32+W32 -> 6 | Z32: =+Y32*T32 -> 3570000 | AA32: 05/01/2026 3:51:24 PM, 03/02/2026, 24/02/2026, 26/03/2026, 20/04/2026
A33: CHĂM SÓC SẮC ĐẸP | B33: 101445 | C33: 4902468232008 | D33: MEISHOKU- Kem BB trang điểm- tone da trắng | E33: 345000 | F33: -2 | G33: 0 | H33: 2 | J33: 09/12/2025, 11/12/2025 | K33: =B33 -> 101445 | L33: =A33 -> CHĂM SÓC SẮC ĐẸP | P33: =VLOOKUP(Q33,K:L,2,0) -> CHĂM SÓC SẮC ĐẸP | Q33: =VLOOKUP(R33,C:K,9,0) -> 102093 | R33: 4971710314151 | S33: =VLOOKUP(R33,C:D,2,0) -> KOSE - Khăn giấy tẩy trang dưỡng trắng da 52 miếng | T33: =VLOOKUP(R33,C:E,3,0) -> 179000 | U33: 2 | V33: 0 | W33: -2 | Y33: =+X33+W33 -> -2 | Z33: =+Y33*T33 -> -358000 | AA33: 26/12/2025 3:42:55 PM, 05/01/2026 3:51:24 PM
A34: CHĂM SÓC SẮC ĐẸP | B34: 101445 | C34: 4902468232008 | D34: MEISHOKU- Kem BB trang điểm- tone da trắng | E34: 345000 | F34: 19 | G34: 18 | H34: -1 | J34: 09/12/2025, 11/12/2025 | K34: =B34 -> 101445 | L34: =A34 -> CHĂM SÓC SẮC ĐẸP | P34: =VLOOKUP(Q34,K:L,2,0) -> CHĂM SÓC SẮC ĐẸP | Q34: =VLOOKUP(R34,C:K,9,0) -> 102116 | R34: DGMP10229 | S34: =VLOOKUP(R34,C:D,2,0) -> Mỹ phẩm đồng giá 229K | T34: =VLOOKUP(R34,C:E,3,0) -> 229000 | U34: 9 | V34: 4 | W34: -1 | X34: -4 | Y34: =+X34+W34 -> -5 | Z34: =+Y34*T34 -> -1145000 | AA34: 46118.369
A35: CHĂM SÓC SẮC ĐẸP | B35: 101447 | C35: 4902468232022 | D35: MEISHOKU- Kem BB trang điểm- tone da hồng | E35: 345000 | F35: 4 | G35: 2 | H35: -2 | J35: 09/12/2025, 11/12/2025 | K35: =B35 -> 101447 | L35: =A35 -> CHĂM SÓC SẮC ĐẸP | P35: =VLOOKUP(Q35,K:L,2,0) -> CHĂM SÓC SẮC ĐẸP | Q35: =VLOOKUP(R35,C:K,9,0) -> 102177 | R35: 4939553042013 | S35: =VLOOKUP(R35,C:D,2,0) -> CEZANNE – Son tint Watery Lip 01 Hồng tự nhiên | T35: =VLOOKUP(R35,C:E,3,0) -> 240000 | U35: 2 | V35: 3 | W35: 2 | X35: -1 | Y35: =+X35+W35 -> 1 | Z35: =+Y35*T35 -> 240000 | AA35: 46079
A36: CHĂM SÓC SẮC ĐẸP | B36: 101447 | C36: 4902468232022 | D36: MEISHOKU- Kem BB trang điểm- tone da hồng | E36: 345000 | F36: -1 | G36: 0 | H36: 1 | J36: 09/12/2025, 11/12/2025 | K36: =B36 -> 101447 | L36: =A36 -> CHĂM SÓC SẮC ĐẸP | P36: =VLOOKUP(Q36,K:L,2,0) -> CHĂM SÓC SẮC ĐẸP | Q36: =VLOOKUP(R36,C:K,9,0) -> 102178 | R36: 4939553042020 | S36: =VLOOKUP(R36,C:D,2,0) -> CEZANNE – Son tint Watery Lip 02 Đỏ san hô | T36: =VLOOKUP(R36,C:E,3,0) -> 240000 | U36: 19 | V36: 18 | W36: -2 | X36: 1 | Y36: =+X36+W36 -> -1 | Z36: =+Y36*T36 -> -240000 | AA36: 46079
A37: CHĂM SÓC SẮC ĐẸP | B37: 101561 | C37: 4987205080302 | D37: HOYU-Thuốc nhuộm bạc Bigen dạng kem-hạt dẻ 3G | E37: 195000 | F37: 11 | G37: 10 | H37: -1 | J37: 46079 | K37: =B37 -> 101561 | L37: =A37 -> CHĂM SÓC SẮC ĐẸP | P37: =VLOOKUP(Q37,K:L,2,0) -> CHĂM SÓC SẮC ĐẸP | Q37: =VLOOKUP(R37,C:K,9,0) -> 102182 | R37: 4971710569612 | S37: =VLOOKUP(R37,C:D,2,0) -> KOSE SEKKISEI– Kem nền BB dưỡng trắng#01 SPF50+ 30 | T37: =VLOOKUP(R37,C:E,3,0) -> 689000 | U37: 5 | V37: 8 | W37: 2 | X37: 1 | Y37: =+X37+W37 -> 3 | Z37: =+Y37*T37 -> 2067000 | AA37: 10/12/2025, 11/12/2025, 22/01/2026, 09/02/2026, 04/04/2026, 28/04/2026
A38: CHĂM SÓC SẮC ĐẸP | B38: 101562 | C38: 4987205080609 | D38: HOYU-Thuốc nhuộm bạc Bigen dạng kem-nâuNatural 6G | E38: 195000 | F38: 17 | G38: 14 | H38: -3 | J38: 10/12/2025, 15/12/2025 3:08:37 PM | K38: =B38 -> 101562 | L38: =A38 -> CHĂM SÓC SẮC ĐẸP | P38: =VLOOKUP(Q38,K:L,2,0) -> CHĂM SÓC SẮC ĐẸP | Q38: =VLOOKUP(R38,C:K,9,0) -> 102201 | R38: 4570044001357 | S38: =VLOOKUP(R38,C:D,2,0) -> INFINITY – Mặt nạ My Lover's NMN cao cấp 5P | T38: =VLOOKUP(R38,C:E,3,0) -> 195000 | U38: 2 | V38: 0 | W38: 2 | X38: -4 | Y38: =+X38+W38 -> -2 | Z38: =+Y38*T38 -> -390000 | AA38: 46149
A39: CHĂM SÓC SẮC ĐẸP | B39: 101563 | C39: 4987205080500 | D39: HOYU-Thuốc nhuộm bạc Bigen dạng kem-hạt dẻ đậm 5G | E39: 195000 | F39: -3 | G39: 0 | H39: 3 | J39: 10/12/2025, 15/12/2025 3:08:37 PM, 24/02/2026, 26/02/2026 | K39: =B39 -> 101563 | L39: =A39 -> CHĂM SÓC SẮC ĐẸP | P39: =VLOOKUP(Q39,K:L,2,0) -> CHĂM SÓC SẮC ĐẸP | Q39: =VLOOKUP(R39,C:K,9,0) -> 102210 | R39: 4570044002095 | S39: =VLOOKUP(R39,C:D,2,0) -> INFINITY – Mặt nạ My Lover's lily trắng cao cấp 1P | T39: =VLOOKUP(R39,C:E,3,0) -> 39000 | U39: 18 | V39: 19 | W39: -1 | X39: 2 | Y39: =+X39+W39 -> 1 | Z39: =+Y39*T39 -> 39000 | AA39: 46153
A40: CHĂM SÓC SẮC ĐẸP | B40: 101563 | C40: 4987205080500 | D40: HOYU-Thuốc nhuộm bạc Bigen dạng kem-hạt dẻ đậm 5G | E40: 195000 | F40: -7 | G40: 0 | H40: 7 | J40: 10/12/2025, 15/12/2025 3:08:37 PM, 24/02/2026, 26/02/2026 | K40: =B40 -> 101563 | L40: =A40 -> CHĂM SÓC SẮC ĐẸP | P40: =VLOOKUP(Q40,[1]Sheet0!$F$1:$G$65536,2,0) -> CHĂM SÓC SẮC ĐẸP | Q40: =VLOOKUP(R40,[1]Sheet0!$C$1:$F$65536,4,0) -> 102211 | R40: 4570044002200 | S40: =VLOOKUP(R40,[1]Sheet0!$C$1:$D$65536,2,0) -> INFINITY – Mặt nạ My Lover's matcha cao cấp 1P | T40: =VLOOKUP(R40,[1]Sheet0!$C$1:$E$65536,3,0) -> 39000 | U40: -1 | V40: 1 | W40: 1 | X40: 1 | Y40: =+X40+W40 -> 2 | Z40: =+Y40*T40 -> 78000 | AA40: 46153
A41: CHĂM SÓC SẮC ĐẸP | B41: 101614 | C41: 4513574031319 | D41: HATOMUGI- Xịt khoáng ý dĩ dưỡng ẩm 250ml | E41: 145000 | F41: 0 | G41: 2 | I41: 2 | J41: 01/04/2026, 07/04/2026 10:37:54 AM, 28/04/2026, 04/05/2026 | K41: =B41 -> 101614 | L41: =A41 -> CHĂM SÓC SẮC ĐẸP | P41: =VLOOKUP(Q41,K:L,2,0) -> CHĂM SÓC SẮC ĐẸP | Q41: =VLOOKUP(R41,C:K,9,0) -> 102235 | R41: 4550516491190 | S41: =VLOOKUP(R41,C:D,2,0) -> SHISEIDO – Mặt nạ Tsubaki phục hồi 180g | T41: =VLOOKUP(R41,C:E,3,0) -> 295000 | U41: -5 | V41: 5 | W41: 8 | X41: 2 | Y41: =+X41+W41 -> 10 | Z41: =+Y41*T41 -> 2950000 | AA41: 26/02/2026, 02/03/2026, 28/04/2026, 04/05/2026
A42: CHĂM SÓC SẮC ĐẸP | B42: 101614 | C42: 4513574031319 | D42: HATOMUGI- Xịt khoáng ý dĩ dưỡng ẩm 250ml | E42: 145000 | F42: 2 | G42: 0 | H42: -2 | J42: 01/04/2026, 07/04/2026 10:37:54 AM, 28/04/2026, 04/05/2026 | K42: =B42 -> 101614 | L42: =A42 -> CHĂM SÓC SẮC ĐẸP | P42: =VLOOKUP(Q42,K:L,2,0) -> CHĂM SÓC SẮC ĐẸP | Q42: =VLOOKUP(R42,C:K,9,0) -> 102238 | R42: 4550516711083 | S42: =VLOOKUP(R42,C:D,2,0) -> SHISEIDO – Dầu gội Tsubaki mát lạnh 450ml | T42: =VLOOKUP(R42,C:E,3,0) -> 230000 | U42: 47 | V42: 48 | W42: -1 | X42: 2 | Y42: =+X42+W42 -> 1 | Z42: =+Y42*T42 -> 230000 | AA42: 46132
A43: CHĂM SÓC SẮC ĐẸP | B43: 101614 | C43: 4513574031319 | D43: HATOMUGI- Xịt khoáng ý dĩ dưỡng ẩm 250ml | E43: 145000 | F43: 1 | G43: 0 | H43: -1 | J43: 01/04/2026, 07/04/2026 10:37:54 AM, 28/04/2026, 04/05/2026 | K43: =B43 -> 101614 | L43: =A43 -> CHĂM SÓC SẮC ĐẸP | P43: =VLOOKUP(Q43,K:L,2,0) -> CHĂM SÓC SẮC ĐẸP | Q43: =VLOOKUP(R43,C:K,9,0) -> 102239 | R43: 4550516711090 | S43: =VLOOKUP(R43,C:D,2,0) -> SHISEIDO – Dầu xả Tsubaki mát lạnh 450ml | T43: =VLOOKUP(R43,C:E,3,0) -> 230000 | U43: 69 | V43: 66 | W43: -5 | X43: 2 | Y43: =+X43+W43 -> -3 | Z43: =+Y43*T43 -> -690000 | AA43: 46140
A44: CHĂM SÓC SẮC ĐẸP | B44: 101625 | C44: 4513574025905 | D44: HATOMUGI- Kem tay ý dĩ dưỡng ẩm 65g | E44: 75000 | F44: 85 | G44: 82 | I44: -3 | J44: 13/01/2026, 06/03/2026 | K44: =B44 -> 101625 | L44: =A44 -> CHĂM SÓC SẮC ĐẸP | P44: =VLOOKUP(Q44,K:L,2,0) -> CHĂM SÓC SẮC ĐẸP | Q44: =VLOOKUP(R44,C:K,9,0) -> 102328 | R44: 4952458312999 | S44: =VLOOKUP(R44,C:D,2,0) -> JANAMI- Kem chống nắng dưỡng trắng nâng tone 30g | T44: =VLOOKUP(R44,C:E,3,0) -> 780000 | U44: 9 | V44: 10 | W44: -4 | X44: 5 | Y44: =+X44+W44 -> 1 | Z44: =+Y44*T44 -> 780000 | AA44: 18/12/2025, 04/04/2026, 15/04/2026
A45: CHĂM SÓC SẮC ĐẸP | B45: 101625 | C45: 4513574025905 | D45: HATOMUGI- Kem tay ý dĩ dưỡng ẩm 65g | E45: 75000 | F45: -1 | G45: 0 | H45: 1 | J45: 13/01/2026, 06/03/2026 | K45: =B45 -> 101625 | L45: =A45 -> CHĂM SÓC SẮC ĐẸP | P45: =VLOOKUP(Q45,K:L,2,0) -> CHĂM SÓC SẮC ĐẸP | Q45: =VLOOKUP(R45,C:K,9,0) -> 102337 | R45: 4550516494450 | S45: =VLOOKUP(R45,C:D,2,0) -> SHISEIDO-Sữa tắm Perfect Bubble hoa linh lan 500ml | T45: =VLOOKUP(R45,C:E,3,0) -> 217000 | U45: 8 | V45: 22 | W45: 6 | X45: 8 | Y45: =+X45+W45 -> 14 | Z45: =+Y45*T45 -> 3038000 | AA45: 18/12/2025, 25/12/2025 3:20:39 PM, 23/02/2026
A46: CHĂM SÓC SẮC ĐẸP | B46: 101625 | C46: 4513574025905 | D46: HATOMUGI- Kem tay ý dĩ dưỡng ẩm 65g | E46: 75000 | F46: -2 | G46: 0 | H46: 2 | J46: 13/01/2026, 06/03/2026 | K46: =B46 -> 101625 | L46: =A46 -> CHĂM SÓC SẮC ĐẸP | P46: =VLOOKUP(Q46,K:L,2,0) -> CHĂM SÓC SẮC ĐẸP | Q46: =VLOOKUP(R46,C:K,9,0) -> 102345 | R46: 4971710303483 | S46: =VLOOKUP(R46,C:D,2,0) -> KOSE- Sữa rửa mặt tẩy trang dưỡng trắng 60g | T46: =VLOOKUP(R46,C:E,3,0) -> 89000 | U46: 25 | V46: 24 | W46: -3 | X46: 2 | Y46: =+X46+W46 -> -1 | Z46: =+Y46*T46 -> -89000 | AA46: 06/03/2026, 11/05/2026
A47: CHĂM SÓC SẮC ĐẸP | B47: 101631 | C47: 4511413310007 | D47: DHC- Son dưỡng môi Colour Lip (Cam Apricot) | E47: 199000 | F47: -1 | G47: 0 | H47: 1 | J47: 09/12/2025, 29/01/2026, 30/01/2026, 09/02/2026 | K47: =B47 -> 101631 | L47: =A47 -> CHĂM SÓC SẮC ĐẸP | P47: =VLOOKUP(Q47,K:L,2,0) -> CHĂM SÓC SẮC ĐẸP | Q47: =VLOOKUP(R47,C:K,9,0) -> 102355 | R47: 4909978221539 | S47: =VLOOKUP(R47,C:D,2,0) -> SHISEIDO- Kem siêu dưỡng ẩm Aqualabel 111g | T47: =VLOOKUP(R47,C:E,3,0) -> 450000 | U47: -3 | V47: 0 | W47: 3 | Y47: =+X47+W47 -> 3 | Z47: =+Y47*T47 -> 1350000 | AA47: 24/02/2026, 09/03/2026
A48: CHĂM SÓC SẮC ĐẸP | B48: 101631 | C48: 4511413310007 | D48: DHC- Son dưỡng môi Colour Lip (Cam Apricot) | E48: 199000 | F48: 5 | G48: 3 | H48: -2 | J48: 09/12/2025, 29/01/2026, 30/01/2026, 09/02/2026 | K48: =B48 -> 101631 | L48: =A48 -> CHĂM SÓC SẮC ĐẸP | P48: =VLOOKUP(Q48,K:L,2,0) -> CHĂM SÓC SẮC ĐẸP | Q48: =VLOOKUP(R48,C:K,9,0) -> 102365 | R48: 4550516494474 | S48: =VLOOKUP(R48,C:D,2,0) -> SHISEIDO- Sữa tắm dưỡng ẩm hương hoa 500ml | T48: =VLOOKUP(R48,C:E,3,0) -> 217000 | U48: -1 | V48: 9 | W48: 7 | X48: 3 | Y48: =+X48+W48 -> 10 | Z48: =+Y48*T48 -> 2170000 | AA48: 08/01/2026 10:07:08 AM, 03/02/2026, 07/02/2026, 20/04/2026, 22/04/2026, 28/04/2026, 04/05/2026
A49: CHĂM SÓC SẮC ĐẸP | B49: 101631 | C49: 4511413310007 | D49: DHC- Son dưỡng môi Colour Lip (Cam Apricot) | E49: 199000 | F49: 3 | G49: 1 | H49: -2 | J49: 09/12/2025, 29/01/2026, 30/01/2026, 09/02/2026 | K49: =B49 -> 101631 | L49: =A49 -> CHĂM SÓC SẮC ĐẸP | P49: =VLOOKUP(Q49,K:L,2,0) -> CHĂM SÓC HÀNG NGÀY | Q49: =VLOOKUP(R49,C:K,9,0) -> 110028 | R49: 4903301186403 | S49: =VLOOKUP(R49,C:D,2,0) -> LION- Kem đánh răng White & White | T49: =VLOOKUP(R49,C:E,3,0) -> 75000 | U49: 590 | V49: 592 | W49: -7 | X49: 9 | Y49: =+X49+W49 -> 2 | Z49: =+Y49*T49 -> 150000 | AA49: 10/07/2025, 14/07/2025, 16/07/2025, 04/08/2025, 18/08/2025, 20/08/2025, 22/08/2025, 24/11/2025, 03/02/2026, 12/03/2026, 01/04/2026, 03/04/2026
A50: CHĂM SÓC SẮC ĐẸP | B50: 101710 | C50: 4513574033955 | D50: HATOMUGI- KCN ý dĩ dưỡng ẩm SPF 50+ (80g) | E50: 179000 | F50: 2 | G50: 0 | H50: -2 | J50: 46035 | K50: =B50 -> 101710 | L50: =A50 -> CHĂM SÓC SẮC ĐẸP | P50: =VLOOKUP(Q50,K:L,2,0) -> CHĂM SÓC SỨC KHỎE | Q50: =VLOOKUP(R50,C:K,9,0) -> 110179 | R50: 4987084410443 | S50: =VLOOKUP(R50,C:D,2,0) -> SANTE- Dung dịch vệ sinh chăm sóc mắt FX Neo 12ml | T50: =VLOOKUP(R50,C:E,3,0) -> 160000 | U50: 33 | V50: 30 | W50: 0 | X50: -3 | Y50: =+X50+W50 -> -3 | Z50: =+Y50*T50 -> -480000 | AA50: 05/01/2026 3:51:24 PM, 08/01/2026 10:07:08 AM, 13/01/2026, 14/01/2026, 17/01/2026, 21/01/2026, 07/04/2026 10:37:54 AM, 20/04/2026, 21/04/2026, 22/04/2026, 23/04/2026, 24/04/2026
A51: CHĂM SÓC SẮC ĐẸP | B51: 101728 | C51: 4531261702311 | D51: COTTON LABO- Giấy thấm dầu (150 tờ) | E51: 90000 | F51: 45 | G51: 48 | I51: 3 | J51: 09/02/2026, 09/03/2026 | K51: =B51 -> 101728 | L51: =A51 -> CHĂM SÓC SẮC ĐẸP | P51: =VLOOKUP(Q51,K:L,2,0) -> CHĂM SÓC HÀNG NGÀY | Q51: =VLOOKUP(R51,C:K,9,0) -> 110221 | R51: 4901616005266 | S51: =VLOOKUP(R51,C:D,2,0) -> SUNSTAR- KDR ttmuối p/bệnh răng nướu (tuýp 170g) | T51: =VLOOKUP(R51,C:E,3,0) -> 75000 | U51: 313 | V51: 287 | W51: -19 | X51: -7 | Y51: =+X51+W51 -> -26 | Z51: =+Y51*T51 -> -1950000 | AA51: 11/07/2025, 16/08/2025, 19/08/2025, 20/08/2025, 04/09/2025, 24/11/2025, 03/02/2026, 12/03/2026, 31/03/2026, 01/04/2026, 03/04/2026
A52: CHĂM SÓC SẮC ĐẸP | B52: 101728 | C52: 4531261702311 | D52: COTTON LABO- Giấy thấm dầu (150 tờ) | E52: 90000 | F52: 43 | G52: 42 | H52: -1 | J52: 09/02/2026, 09/03/2026 | K52: =B52 -> 101728 | L52: =A52 -> CHĂM SÓC SẮC ĐẸP | P52: =VLOOKUP(Q52,[1]Sheet0!$F$1:$G$65536,2,0) -> CHĂM SÓC SỨC KHỎE | Q52: =VLOOKUP(R52,[1]Sheet0!$C$1:$F$65536,4,0) -> 110246 | R52: 4589788400012 | S52: =VLOOKUP(R52,[1]Sheet0!$C$1:$D$65536,2,0) -> GH CREATION- Viên uống tăng chiều cao 270 viên | T52: =VLOOKUP(R52,[1]Sheet0!$C$1:$E$65536,3,0) -> 790000 | U52: 78 | V52: 77 | W52: -1 | Y52: =+X52+W52 -> -1 | Z52: =+Y52*T52 -> -790000 | AA52: 09/03/2026, 04/05/2026, 05/05/2026
A53: CHĂM SÓC SẮC ĐẸP | B53: 101728 | C53: 4531261702311 | D53: COTTON LABO- Giấy thấm dầu (150 tờ) | E53: 90000 | F53: 36 | G53: 35 | H53: -1 | J53: 09/02/2026, 09/03/2026 | K53: =B53 -> 101728 | L53: =A53 -> CHĂM SÓC SẮC ĐẸP | P53: =VLOOKUP(Q53,K:L,2,0) -> CHĂM SÓC HÀNG NGÀY | Q53: =VLOOKUP(R53,C:K,9,0) -> 110255 | R53: 4901301024077 | S53: =VLOOKUP(R53,C:D,2,0) -> KAO- Kem đánh răng chống hôi miệng Guard Hallo | T53: =VLOOKUP(R53,C:E,3,0) -> 65000 | U53: -5 | V53: 12 | W53: 18 | X53: -1 | Y53: =+X53+W53 -> 17 | Z53: =+Y53*T53 -> 1105000 | AA53: 10/07/2025, 11/07/2025, 14/07/2025, 04/08/2025, 19/08/2025
A54: CHĂM SÓC SẮC ĐẸP | B54: 101771 | C54: 4513574015951 | D54: KUMANO- Sữa tắm Horse Oil dầu ngựa (600ml) | E54: 220000 | F54: 2 | G54: 0 | H54: -2 | J54: 46015.61 | K54: =B54 -> 101771 | L54: =A54 -> CHĂM SÓC SẮC ĐẸP | P54: =VLOOKUP(Q54,K:L,2,0) -> CHĂM SÓC HÀNG NGÀY | Q54: =VLOOKUP(R54,C:K,9,0) -> 110386 | R54: 4901301306265 | S54: =VLOOKUP(R54,C:D,2,0) -> KAO- BVS Laurier hàng ngày hương mẫu đơn (72m) | T54: =VLOOKUP(R54,C:E,3,0) -> 95000 | U54: 44 | V54: 43 | W54: -1 | Y54: =+X54+W54 -> -1 | Z54: =+Y54*T54 -> -95000 | AA54: 24/10/2025, 17/01/2026, 09/03/2026, 10/03/2026, 11/03/2026, 04/04/2026, 06/04/2026 8:51:40 AM
A55: CHĂM SÓC SẮC ĐẸP | B55: 101792 | C55: 4971710397208 | D55: KOSE - Kem Tay Q10 dưỡng trắng nâng tone 80g | E55: 170000 | F55: -1 | G55: 0 | H55: 1 | J55: 09/02/2026, 23/02/2026, 24/04/2026 | K55: =B55 -> 101792 | L55: =A55 -> CHĂM SÓC SẮC ĐẸP | P55: =VLOOKUP(Q55,K:L,2,0) -> CHĂM SÓC SỨC KHỎE | Q55: =VLOOKUP(R55,C:K,9,0) -> 110461 | R55: 4987084000132 | S55: =VLOOKUP(R55,C:D,2,0) -> SANTEN- Nước nhỏ mắt Sancoba 5ml | T55: =VLOOKUP(R55,C:E,3,0) -> 60000 | U55: 86 | V55: 81 | W55: -6 | X55: 1 | Y55: =+X55+W55 -> -5 | Z55: =+Y55*T55 -> -300000 | AA55: 10/12/2025, 11/05/2026
A56: CHĂM SÓC SẮC ĐẸP | B56: 101792 | C56: 4971710397208 | D56: KOSE - Kem Tay Q10 dưỡng trắng nâng tone 80g | E56: 170000 | F56: -1 | G56: 0 | H56: 1 | J56: 09/02/2026, 23/02/2026, 24/04/2026 | K56: =B56 -> 101792 | L56: =A56 -> CHĂM SÓC SẮC ĐẸP | P56: =VLOOKUP(Q56,K:L,2,0) -> CHĂM SÓC SỨC KHỎE | Q56: =VLOOKUP(R56,C:K,9,0) -> 110470 | R56: 4987103049111 | S56: =VLOOKUP(R56,C:D,2,0) -> ZERIA- Viên uống bổ gan Hepalyse Plus II (180v) | T56: =VLOOKUP(R56,C:E,3,0) -> 1380000 | U56: 7 | V56: 6 | W56: -2 | X56: 1 | Y56: =+X56+W56 -> -1 | Z56: =+Y56*T56 -> -1380000 | AA56: 46113
A57: CHĂM SÓC SẮC ĐẸP | B57: 101794 | C57: 4550516705464 | D57: SHISEIDO-Sữa rửa mặt Senka VitaC làm sáng da 100g | E57: 125000 | F57: 5 | G57: 6 | I57: 1 | J57: 46076 | K57: =B57 -> 101794 | L57: =A57 -> CHĂM SÓC SẮC ĐẸP | P57: =VLOOKUP(Q57,K:L,2,0) -> CHĂM SÓC SỨC KHỎE | Q57: =VLOOKUP(R57,C:K,9,0) -> 110500 | R57: 4571262290080 | S57: =VLOOKUP(R57,C:D,2,0) -> ANIMATO- Viên tăng ch.cao Height Extension EX 300v | T57: =VLOOKUP(R57,C:E,3,0) -> 580000 | U57: 8 | V57: 5 | W57: -2 | X57: -1 | Y57: =+X57+W57 -> -3 | Z57: =+Y57*T57 -> -1740000 | AA57: 46153
A58: CHĂM SÓC SẮC ĐẸP | B58: 101794 | C58: 4550516705464 | D58: SHISEIDO-Sữa rửa mặt Senka VitaC làm sáng da 100g | E58: 125000 | F58: 5 | G58: 4 | H58: -1 | J58: 46076 | K58: =B58 -> 101794 | L58: =A58 -> CHĂM SÓC SẮC ĐẸP | P58: =VLOOKUP(Q58,K:L,2,0) -> CHĂM SÓC SỨC KHỎE | Q58: =VLOOKUP(R58,C:K,9,0) -> 110504 | R58: 4987306045156 | S58: =VLOOKUP(R58,C:D,2,0) -> TAISHO- Bột cải thiện cảm cúm Pabron Gold A 44 gói | T58: =VLOOKUP(R58,C:E,3,0) -> 455000 | U58: 90 | V58: 92 | W58: 1 | X58: 1 | Y58: =+X58+W58 -> 2 | Z58: =+Y58*T58 -> 910000 | AA58: 20/01/2026, 19/03/2026
A59: CHĂM SÓC SẮC ĐẸP | B59: 101796 | C59: 4560119224903 | D59: MOIST DIANE-Dầu gội phục hồi tóc hư tổn nặng 450ml | E59: 245000 | F59: 24 | G59: 25 | I59: 1 | J59: 46001 | K59: =B59 -> 101796 | L59: =A59 -> CHĂM SÓC SẮC ĐẸP | P59: =VLOOKUP(Q59,K:L,2,0) -> CHĂM SÓC HÀNG NGÀY | Q59: =VLOOKUP(R59,C:K,9,0) -> 110526 | R59: 4903111504152 | S59: =VLOOKUP(R59,C:D,2,0) -> UNICHARM- Khẩu trang 3D size thường (100 chiếc) | T59: =VLOOKUP(R59,C:E,3,0) -> 295000 | U59: 2 | V59: 4 | W59: 3 | X59: -1 | Y59: =+X59+W59 -> 2 | Z59: =+Y59*T59 -> 590000 | AA59: 07/11/2025, 06/03/2026
A60: CHĂM SÓC SẮC ĐẸP | B60: 101796 | C60: 4560119224903 | D60: MOIST DIANE-Dầu gội phục hồi tóc hư tổn nặng 450ml | E60: 225000 | F60: 15 | G60: 14 | H60: -1 | J60: 46001 | K60: =B60 -> 101796 | L60: =A60 -> CHĂM SÓC SẮC ĐẸP | P60: =VLOOKUP(Q60,K:L,2,0) -> CHĂM SÓC SỨC KHỎE | Q60: =VLOOKUP(R60,C:K,9,0) -> 110539 | R60: 4987084315106 | S60: =VLOOKUP(R60,C:D,2,0) -> SANTEN- Nước nhỏ mắt Sante FX V plus 12ml | T60: =VLOOKUP(R60,C:E,3,0) -> 160000 | U60: 71 | V60: 73 | W60: 0 | X60: 2 | Y60: =+X60+W60 -> 2 | Z60: =+Y60*T60 -> 320000 | AA60: 05/01/2026 3:51:24 PM, 08/01/2026 10:07:08 AM, 13/01/2026, 14/01/2026, 17/01/2026, 21/01/2026, 07/04/2026 10:37:54 AM, 20/04/2026, 21/04/2026, 22/04/2026, 23/04/2026, 24/04/2026
A61: CHĂM SÓC SẮC ĐẸP | B61: 101817 | C61: 4901601301038 | D61: KAI- Bấm móng tay hoa văn màu trắng (M) HC3601 | E61: 125000 | F61: 3 | G61: 2 | H61: -1 | J61: 46090 | K61: =B61 -> 101817 | L61: =A61 -> CHĂM SÓC SẮC ĐẸP | P61: =VLOOKUP(Q61,[1]Sheet0!$F$1:$G$65536,2,0) -> CHĂM SÓC SỨC KHỎE | Q61: =VLOOKUP(R61,[1]Sheet0!$C$1:$F$65536,4,0) -> 110572 | R61: 4958349250029 | S61: =VLOOKUP(R61,[1]Sheet0!$C$1:$D$65536,2,0) -> KANEHIDE- Viên uống tảo nâu Okinawa Fucoidan 150v | T61: =VLOOKUP(R61,[1]Sheet0!$C$1:$E$65536,3,0) -> 1600000 | U61: -1 | V61: 1 | W61: 1 | X61: 1 | Y61: =+X61+W61 -> 2 | Z61: =+Y61*T61 -> 3200000 | AA61: 46146
A62: CHĂM SÓC SẮC ĐẸP | B62: 101828 | C62: 4513574037571 | D62: KUMANO-Dầu gội Pharmaact Men's siêu mát 600ml | E62: 139000 | F62: 12 | G62: 10 | I62: -2 | J62: 46125.371 | K62: =B62 -> 101828 | L62: =A62 -> CHĂM SÓC SẮC ĐẸP | P62: =VLOOKUP(Q62,K:L,2,0) -> CHĂM SÓC HÀNG NGÀY | Q62: =VLOOKUP(R62,C:K,9,0) -> 110603 | R62: 4901301392411 | S62: =VLOOKUP(R62,C:D,2,0) -> KAO- BVS Laurier ban ngày cánh 20.5cm 20 miếngx2 | T62: =VLOOKUP(R62,C:E,3,0) -> 95000 | U62: 26 | V62: 27 | W62: 2 | X62: -1 | Y62: =+X62+W62 -> 1 | Z62: =+Y62*T62 -> 95000 | AA62: 04/09/2025, 06/11/2025, 15/01/2026, 16/01/2026, 17/01/2026, 20/04/2026, 04/05/2026
A63: CHĂM SÓC SẮC ĐẸP | B63: 101828 | C63: 4513574037571 | D63: KUMANO-Dầu gội Pharmaact Men's siêu mát 600ml | E63: 139000 | F63: -2 | G63: 0 | H63: 2 | J63: 46125.371 | K63: =B63 -> 101828 | L63: =A63 -> CHĂM SÓC SẮC ĐẸP | P63: =VLOOKUP(Q63,[1]Sheet0!$F$1:$G$65536,2,0) -> CHĂM SÓC SỨC KHỎE | Q63: =VLOOKUP(R63,[1]Sheet0!$C$1:$F$65536,4,0) -> 110619 | R63: 4511413403730 | S63: =VLOOKUP(R63,[1]Sheet0!$C$1:$D$65536,2,0) -> DHC- Viên uống bổ sung kẽm 60 viên | T63: =VLOOKUP(R63,[1]Sheet0!$C$1:$E$65536,3,0) -> 145000 | U63: 10 | V63: 5 | W63: -2 | X63: -3 | Y63: =+X63+W63 -> -5 | Z63: =+Y63*T63 -> -725000 | AA63: 27/01/2026, 09/03/2026, 30/03/2026
A64: CHĂM SÓC SẮC ĐẸP | B64: 101837 | C64: 4936201103690 | D64: ROLAND- Serum dưỡng ẩm HA 20ml | E64: 345000 | F64: -1 | G64: 0 | H64: 1 | J64: 24/02/2026, 13/04/2026 8:54:09 AM | K64: =B64 -> 101837 | L64: =A64 -> CHĂM SÓC SẮC ĐẸP | P64: =VLOOKUP(Q64,K:L,2,0) -> CHĂM SÓC SỨC KHỎE | Q64: =VLOOKUP(R64,C:K,9,0) -> 110658 | R64: 4987072004708 | S64: =VLOOKUP(R64,C:D,2,0) -> KOBAYASHI- Xịt họng khử khuẩn 15ml | T64: =VLOOKUP(R64,C:E,3,0) -> 250000 | U64: -2 | V64: 0 | W64: 2 | Y64: =+X64+W64 -> 2 | Z64: =+Y64*T64 -> 500000 | AA64: 02/03/2026, 03/03/2026
A65: CHĂM SÓC SẮC ĐẸP | B65: 101840 | C65: 4936201106400 | D65: ROLAND- Mặt nạ đất sét chăm sóc lỗ chân lông 100g | E65: 215000 | F65: -2 | G65: 0 | H65: 2 | J65: 46113 | K65: =B65 -> 101840 | L65: =A65 -> CHĂM SÓC SẮC ĐẸP | P65: =VLOOKUP(Q65,K:L,2,0) -> CHĂM SÓC HÀNG NGÀY | Q65: =VLOOKUP(R65,C:K,9,0) -> 110686 | R65: 4901387051462 | S65: =VLOOKUP(R65,C:D,2,0) -> CREATE- Tăm nha khoa Smart Inn cỡ nhỏ 30pcs | T65: =VLOOKUP(R65,C:E,3,0) -> 70000 | U65: 20 | V65: 18 | W65: 0 | X65: -2 | Y65: =+X65+W65 -> -2 | Z65: =+Y65*T65 -> -140000 | AA65: 14/07/2025, 25/08/2025
A66: CHĂM SÓC SẮC ĐẸP | B66: 101857 | C66: 4513574030305 | D66: HATOMUGI- Sữa tắm dưỡng ẩm ý dĩ 600ml | E66: 199000 | F66: 11 | G66: 10 | I66: -1 | J66: 29/01/2026, 30/01/2026, 02/02/2026, 09/02/2026, 23/02/2026, 09/03/2026 | K66: =B66 -> 101857 | L66: =A66 -> CHĂM SÓC SẮC ĐẸP | P66: =VLOOKUP(Q66,[1]Sheet0!$F$1:$G$65536,2,0) -> CHĂM SÓC SỨC KHỎE | Q66: =VLOOKUP(R66,[1]Sheet0!$C$1:$F$65536,4,0) -> 110700 | R66: 4975497808278 | S66: =VLOOKUP(R66,[1]Sheet0!$C$1:$D$65536,2,0) -> DIC LIFETEC- Tảo Vàng EX Family (2000 viên) | T66: =VLOOKUP(R66,[1]Sheet0!$C$1:$E$65536,3,0) -> 2045000 | U66: 8 | V66: 6 | W66: -3 | X66: 1 | Y66: =+X66+W66 -> -2 | Z66: =+Y66*T66 -> -4090000 | AA66: 46128
A67: CHĂM SÓC SẮC ĐẸP | B67: 101857 | C67: 4513574030305 | D67: HATOMUGI- Sữa tắm dưỡng ẩm ý dĩ 600ml | E67: 199000 | F67: -1 | G67: 0 | H67: 1 | J67: 29/01/2026, 30/01/2026, 02/02/2026, 09/02/2026, 23/02/2026, 09/03/2026 | K67: =B67 -> 101857 | L67: =A67 -> CHĂM SÓC SẮC ĐẸP | P67: =VLOOKUP(Q67,K:L,2,0) -> CHĂM SÓC HÀNG NGÀY | Q67: =VLOOKUP(R67,C:K,9,0) -> 110727 | R67: 4903111317769 | S67: =VLOOKUP(R67,C:D,2,0) -> UNICHARM- BVS Hadaomoi ban ngày ko cánh 21cm- 32m | T67: =VLOOKUP(R67,C:E,3,0) -> 120000 | U67: 37 | V67: 34 | W67: -1 | X67: -2 | Y67: =+X67+W67 -> -3 | Z67: =+Y67*T67 -> -360000 | AA67: 45985
A68: NHÀ CỬA ĐỜI SỐNG | B68: 101857 | C68: 4513574030305 | D68: HATOMUGI- Sữa tắm dưỡng ẩm ý dĩ 600ml | E68: 199000 | F68: -6 | G68: 0 | H68: 6 | J68: 29/01/2026, 30/01/2026, 02/02/2026, 09/02/2026, 23/02/2026, 09/03/2026 | K68: =B68 -> 101857 | L68: =A68 -> NHÀ CỬA ĐỜI SỐNG | P68: =VLOOKUP(Q68,K:L,2,0) -> CHĂM SÓC HÀNG NGÀY | Q68: =VLOOKUP(R68,C:K,9,0) -> 110732 | R68: 4903111360574 | S68: =VLOOKUP(R68,C:D,2,0) -> UNICHARM- BVS Jukusui ban đêm có cánh 40cm- 10m | T68: =VLOOKUP(R68,C:E,3,0) -> 145000 | U68: -2 | V68: 0 | W68: 3 | X68: -1 | Y68: =+X68+W68 -> 2 | Z68: =+Y68*T68 -> 290000 | AA68: 45897
A69: CHĂM SÓC SẮC ĐẸP | B69: 101865 | C69: 4580785220115 | D69: S-LABO- Lẻ mặt nạ tinh chất CICA 1 miếng | E69: 29000 | F69: 58 | G69: 60 | I69: 2 | J69: 46027.661 | K69: =B69 -> 101865 | L69: =A69 -> CHĂM SÓC SẮC ĐẸP | P69: =VLOOKUP(Q69,K:L,2,0) -> CHĂM SÓC SỨC KHỎE | Q69: =VLOOKUP(R69,C:K,9,0) -> 110812 | R69: 8853647002010 | S69: =VLOOKUP(R69,C:D,2,0) -> API- Thực phẩm bổ sung Collagen beauty drink 245ml | T69: =VLOOKUP(R69,C:E,3,0) -> 34000 | U69: -18 | V69: 0 | W69: 18 | Y69: =+X69+W69 -> 18 | Z69: =+Y69*T69 -> 612000 | AA69: 24/12/2025 2:37:59 PM, 14/01/2026, 09/02/2026, 24/02/2026, 31/03/2026, 06/04/2026 8:51:40 AM, 07/04/2026 10:37:54 AM, 04/05/2026
A70: CHĂM SÓC SẮC ĐẸP | B70: 101877 | C70: 4550516474568 | D70: SHISEIDO- SỮA RỬA MẶT SENKA DƯỠNG ẨM 100G | E70: 135000 | F70: 16 | G70: 13 | I70: -3 | J70: 13/01/2026, 02/03/2026 | K70: =B70 -> 101877 | L70: =A70 -> CHĂM SÓC SẮC ĐẸP | P70: =VLOOKUP(Q70,K:L,2,0) -> CHĂM SÓC SỨC KHỎE | Q70: =VLOOKUP(R70,C:K,9,0) -> 110832 | R70: 4595120079228 | S70: =VLOOKUP(R70,C:D,2,0) -> FUJINA-Viên uống bổ gan KanProX 60 viên | T70: =VLOOKUP(R70,C:E,3,0) -> 780000 | U70: -4 | V70: 1 | W70: 4 | X70: 1 | Y70: =+X70+W70 -> 5 | Z70: =+Y70*T70 -> 3900000 | AA70: 22/12/2025 11:13:54 AM, 29/12/2025 4:00:32 PM, 30/12/2025 10:48:23 AM, 23/01/2026, 24/02/2026
A71: CHĂM SÓC SẮC ĐẸP | B71: 101877 | C71: 4550516474568 | D71: SHISEIDO- SỮA RỬA MẶT SENKA DƯỠNG ẨM 100G | E71: 119000 | F71: 1 | G71: 0 | H71: -1 | J71: 13/01/2026, 02/03/2026 | K71: =B71 -> 101877 | L71: =A71 -> CHĂM SÓC SẮC ĐẸP | P71: =VLOOKUP(Q71,K:L,2,0) -> CHĂM SÓC SỨC KHỎE | Q71: =VLOOKUP(R71,C:K,9,0) -> 110833 | R71: 4595120079389 | S71: =VLOOKUP(R71,C:D,2,0) -> FUJINA-Viên uống bổ mắt EyeFine 30 viên | T71: =VLOOKUP(R71,C:E,3,0) -> 480000 | U71: -2 | V71: 0 | W71: 2 | Y71: =+X71+W71 -> 2 | Z71: =+Y71*T71 -> 960000 | AA71: 22/12/2025 11:13:54 AM, 29/12/2025 4:00:32 PM
A72: CHĂM SÓC SẮC ĐẸP | B72: 101893 | C72: 4936201100736 | D72: ROLAND- SRM chiết xuất dầu ngựa Loshi Moist 130g | E72: 155000 | F72: 1 | G72: 0 | H72: -1 | J72: 05/01/2026 3:51:24 PM, 28/04/2026 | K72: =B72 -> 101893 | L72: =A72 -> CHĂM SÓC SẮC ĐẸP | P72: =VLOOKUP(Q72,K:L,2,0) -> CHĂM SÓC HÀNG NGÀY | Q72: =VLOOKUP(R72,C:K,9,0) -> 110859 | R72: 4903111373673 | S72: =VLOOKUP(R72,C:D,2,0) -> UNICHARM- BVS Center-in ban đêm có cánh 29cm | T72: =VLOOKUP(R72,C:E,3,0) -> 120000 | U72: 85 | V72: 84 | W72: -3 | X72: 2 | Y72: =+X72+W72 -> -1 | Z72: =+Y72*T72 -> -120000 | AA72: 45897
A73: CHĂM SÓC SẮC ĐẸP | B73: 101936 | C73: 4901331001307 | D73: KAI- Set dao cạo râu 5 lưỡi kép Xfit | E73: 169000 | F73: 12 | G73: 14 | I73: 2 | J73: 16/03/2026, 19/03/2026 | K73: =B73 -> 101936 | L73: =A73 -> CHĂM SÓC SẮC ĐẸP | P73: =VLOOKUP(Q73,K:L,2,0) -> CHĂM SÓC SỨC KHỎE | Q73: =VLOOKUP(R73,C:K,9,0) -> 110914 | R73: 4511413609941 | S73: =VLOOKUP(R73,C:D,2,0) -> DHC- Viên uống bổ sung kẽm 30 viên | T73: =VLOOKUP(R73,C:E,3,0) -> 120000 | U73: 7 | V73: 10 | W73: 3 | Y73: =+X73+W73 -> 3 | Z73: =+Y73*T73 -> 360000 | AA73: 18/12/2025, 27/01/2026, 06/03/2026, 09/03/2026
A74: CHĂM SÓC SẮC ĐẸP | B74: 101950 | C74: 4909978147129 | D74: SHISEIDO- Gel CN Anessa nâng tông SPF50+ (90g) new | E74: 575000 | F74: 1 | G74: 0 | I74: -1 | J74: 46080 | K74: =B74 -> 101950 | L74: =A74 -> CHĂM SÓC SẮC ĐẸP | P74: =VLOOKUP(Q74,K:L,2,0) -> ĐỒ CHO MẸ BÉ | Q74: =VLOOKUP(R74,C:K,9,0) -> 120013 | R74: 4901301281623 | S74: =VLOOKUP(R74,C:D,2,0) -> KAO- Kem đánh răng cho bé vị dâu 70g | T74: =VLOOKUP(R74,C:E,3,0) -> 71000 | U74: 13 | V74: 11 | W74: 1 | X74: -3 | Y74: =+X74+W74 -> -2 | Z74: =+Y74*T74 -> -142000 | AA74: 45821
A75: CHĂM SÓC SẮC ĐẸP | B75: 101950 | C75: 4909978147129 | D75: SHISEIDO- Gel CN Anessa nâng tông SPF50+ (90g) new | E75: 575000 | F75: -2 | G75: 0 | H75: 2 | J75: 46080 | K75: =B75 -> 101950 | L75: =A75 -> CHĂM SÓC SẮC ĐẸP | P75: =VLOOKUP(Q75,K:L,2,0) -> ĐỒ CHO MẸ BÉ | Q75: =VLOOKUP(R75,C:K,9,0) -> 120014 | R75: 4901301281630 | S75: =VLOOKUP(R75,C:D,2,0) -> KAO- Kem đánh răng cho bé vị dưa gang 70g | T75: =VLOOKUP(R75,C:E,3,0) -> 71000 | U75: 40 | V75: 37 | W75: -1 | X75: -2 | Y75: =+X75+W75 -> -3 | Z75: =+Y75*T75 -> -213000 | AA75: 45821
A76: CHĂM SÓC SẮC ĐẸP | B76: 101967 | C76: 1011042405004 | D76: SHISEIDO- Set sữa rửa mặt- mặt nạ Senka dưỡng ẩm | E76: 120000 | F76: -1 | G76: 0 | H76: 1 | J76: 13/01/2026, 23/02/2026 | K76: =B76 -> 101967 | L76: =A76 -> CHĂM SÓC SẮC ĐẸP | P76: =VLOOKUP(Q76,K:L,2,0) -> ĐỒ CHO MẸ BÉ | Q76: =VLOOKUP(R76,C:K,9,0) -> 120090 | R76: 4902508039888 | S76: =VLOOKUP(R76,C:D,2,0) -> PIGEON- Bánh ăn dặm bổ sung canxi cá mòi 6 tháng | T76: =VLOOKUP(R76,C:E,3,0) -> 65000 | U76: 1 | V76: 0 | W76: 5 | X76: -6 | Y76: =+X76+W76 -> -1 | Z76: =+Y76*T76 -> -65000 | AA76: 46030.422
A77: CHĂM SÓC SẮC ĐẸP | B77: 101970 | C77: 4904651418084 | D77: SALONDEPRO- Kem nhuộm tóc phủ bạc F2(nâu sáng nhất | E77: 178000 | F77: 14 | G77: 13 | H77: -1 | J77: 46125.371 | K77: =B77 -> 101970 | L77: =A77 -> CHĂM SÓC SẮC ĐẸP | P77: =VLOOKUP(Q77,K:L,2,0) -> ĐỒ CHO MẸ BÉ | Q77: =VLOOKUP(R77,C:K,9,0) -> 120199 | R77: 4902508134637 | S77: =VLOOKUP(R77,C:D,2,0) -> PIGEON- Bánh ăn dặm canxi cá mòi rong biển 7 tháng | T77: =VLOOKUP(R77,C:E,3,0) -> 65000 | U77: 20 | V77: 21 | W77: -5 | X77: 6 | Y77: =+X77+W77 -> 1 | Z77: =+Y77*T77 -> 65000 | AA77: 10/03/2026, 13/04/2026 8:54:09 AM
A78: CHĂM SÓC SẮC ĐẸP | B78: 101989 | C78: 4901696542354 | D78: ROSETTE- Gel tẩy da chết dưỡng sáng da 180g | E78: 209000 | F78: 21 | G78: 28 | I78: 7 | J78: 14/01/2026, 15/01/2026, 24/02/2026, 04/03/2026, 16/03/2026, 27/03/2026 | K78: =B78 -> 101989 | L78: =A78 -> CHĂM SÓC SẮC ĐẸP | P78: =VLOOKUP(Q78,K:L,2,0) -> ĐỒ CHO MẸ BÉ | Q78: =VLOOKUP(R78,C:K,9,0) -> 120205 | R78: 4902508135146 | S78: =VLOOKUP(R78,C:D,2,0) -> PIGEON- Nước ép táo và rau xanh lốc 3 hộp x 125ml | T78: =VLOOKUP(R78,C:E,3,0) -> 75000 | U78: 18 | V78: 24 | W78: 2 | X78: 4 | Y78: =+X78+W78 -> 6 | Z78: =+Y78*T78 -> 450000 | AA78: 25/06/2025, 23/02/2026
A79: CHĂM SÓC SẮC ĐẸP | B79: 101989 | C79: 4901696542354 | D79: ROSETTE- Gel tẩy da chết dưỡng sáng da 180g | E79: 209000 | F79: 53 | G79: 51 | H79: -2 | J79: 14/01/2026, 15/01/2026, 24/02/2026, 04/03/2026, 16/03/2026, 27/03/2026 | K79: =B79 -> 101989 | L79: =A79 -> CHĂM SÓC SẮC ĐẸP | P79: =VLOOKUP(Q79,K:L,2,0) -> ĐỒ CHO MẸ BÉ | Q79: =VLOOKUP(R79,C:K,9,0) -> 120408 | R79: 4902424433081 | S79: =VLOOKUP(R79,C:D,2,0) -> SKIN VAPE-Xịt chống muỗi hồng | T79: =VLOOKUP(R79,C:E,3,0) -> 155000 | U79: 19 | V79: 20 | W79: 0 | X79: 1 | Y79: =+X79+W79 -> 1 | Z79: =+Y79*T79 -> 155000 | AA79: 21/07/2025, 10/04/2026 10:54:24 AM
A80: CHĂM SÓC SẮC ĐẸP | B80: 101989 | C80: 4901696542354 | D80: ROSETTE- Gel tẩy da chết dưỡng sáng da 180g | E80: 209000 | F80: 44 | G80: 43 | H80: -1 | J80: 14/01/2026, 15/01/2026, 24/02/2026, 04/03/2026, 16/03/2026, 27/03/2026 | K80: =B80 -> 101989 | L80: =A80 -> CHĂM SÓC SẮC ĐẸP | P80: =VLOOKUP(Q80,[1]Sheet0!$F$1:$G$65536,2,0) -> ĐỒ CHO MẸ BÉ | Q80: =VLOOKUP(R80,[1]Sheet0!$C$1:$F$65536,4,0) -> 120627 | R80: 4902508137713 | S80: =VLOOKUP(R80,[1]Sheet0!$C$1:$D$65536,2,0) -> PIGEON- Nước uống ion điện giải vị táo 3 hộpx125ml | T80: =VLOOKUP(R80,[1]Sheet0!$C$1:$E$65536,3,0) -> 75000 | U80: -4 | V80: 0 | W80: 4 | Y80: =+X80+W80 -> 4 | Z80: =+Y80*T80 -> 300000 | AA80: 25/06/2025, 06/10/2025
A81: CHĂM SÓC SẮC ĐẸP | B81: 101989 | C81: 4901696542354 | D81: ROSETTE- Gel tẩy da chết dưỡng sáng da 180g | E81: 209000 | F81: 38 | G81: 37 | H81: -1 | J81: 14/01/2026, 15/01/2026, 24/02/2026, 04/03/2026, 16/03/2026, 27/03/2026 | K81: =B81 -> 101989 | L81: =A81 -> CHĂM SÓC SẮC ĐẸP | P81: =VLOOKUP(Q81,K:L,2,0) -> ĐỒ CHO MẸ BÉ | Q81: =VLOOKUP(R81,C:K,9,0) -> 120651 | R81: 4987493005124 | S81: =VLOOKUP(R81,C:D,2,0) -> BEANSTALK- Bánh ăn dặm 6 loại rau củ 6 tháng 20g | T81: =VLOOKUP(R81,C:E,3,0) -> 69000 | U81: 52 | V81: 44 | W81: -8 | Y81: =+X81+W81 -> -8 | Z81: =+Y81*T81 -> -552000 | AA81: 09/01/2026 3:04:24 PM, 04/04/2026, 06/04/2026 8:51:40 AM, 11/05/2026
A82: CHĂM SÓC SẮC ĐẸP | B82: 101989 | C82: 4901696542354 | D82: ROSETTE- Gel tẩy da chết dưỡng sáng da 180g | E82: 209000 | F82: 1 | G82: 0 | H82: -1 | J82: 14/01/2026, 15/01/2026, 24/02/2026, 04/03/2026, 16/03/2026, 27/03/2026 | K82: =B82 -> 101989 | L82: =A82 -> CHĂM SÓC SẮC ĐẸP | P82: =VLOOKUP(Q82,K:L,2,0) -> ĐỒ CHO MẸ BÉ | Q82: =VLOOKUP(R82,C:K,9,0) -> 120652 | R82: 4987493005131 | S82: =VLOOKUP(R82,C:D,2,0) -> BEANSTALK- Bánh ăn dặm canxi rong biển 6 tháng 20g | T82: =VLOOKUP(R82,C:E,3,0) -> 69000 | U82: -3 | V82: 1 | W82: 2 | X82: 2 | Y82: =+X82+W82 -> 4 | Z82: =+Y82*T82 -> 276000 | AA82: 14/01/2026, 16/03/2026, 04/05/2026, 06/05/2026, 11/05/2026
A83: CHĂM SÓC SẮC ĐẸP | B83: 101992 | C83: 4560119226686 | D83: MOIST DIANE- Sữa tắm dưỡng ẩm hương cam quýt | E83: 205000 | F83: 1 | G83: 0 | H83: -1 | J83: 29/12/2025 4:00:32 PM, 04/04/2026, 13/04/2026 8:54:09 AM | K83: =B83 -> 101992 | L83: =A83 -> CHĂM SÓC SẮC ĐẸP | P83: =VLOOKUP(Q83,K:L,2,0) -> ĐỒ CHO MẸ BÉ | Q83: =VLOOKUP(R83,C:K,9,0) -> 121127 | R83: 4902888182709 | S83: =VLOOKUP(R83,C:D,2,0) -> MORINAGA- Bánh ăn dặm Manna canxi 9th 43gx2 gói | T83: =VLOOKUP(R83,C:E,3,0) -> 60000 | U83: -4 | V83: 2 | W83: 4 | X83: 2 | Y83: =+X83+W83 -> 6 | Z83: =+Y83*T83 -> 360000 | AA83: 25/12/2025 3:20:39 PM, 23/03/2026, 11/05/2026
A84: CHĂM SÓC SẮC ĐẸP | B84: 101992 | C84: 4560119226686 | D84: MOIST DIANE- Sữa tắm dưỡng ẩm hương cam quýt | E84: 205000 | F84: -1 | G84: 0 | H84: 1 | J84: 29/12/2025 4:00:32 PM, 04/04/2026, 13/04/2026 8:54:09 AM | K84: =B84 -> 101992 | L84: =A84 -> CHĂM SÓC SẮC ĐẸP | P84: =VLOOKUP(Q84,K:L,2,0) -> ĐỒ CHO MẸ BÉ | Q84: =VLOOKUP(R84,C:K,9,0) -> 121128 | R84: 4902888200014 | S84: =VLOOKUP(R84,C:D,2,0) -> MORINAGA- Bánh kem xốp Manna 14 cái (9 tháng) | T84: =VLOOKUP(R84,C:E,3,0) -> 70000 | U84: 27 | V84: 29 | W84: -5 | X84: 7 | Y84: =+X84+W84 -> 2 | Z84: =+Y84*T84 -> 140000 | AA84: 25/12/2025 3:20:39 PM, 13/01/2026, 27/03/2026, 04/05/2026, 11/05/2026
A85: CHĂM SÓC SẮC ĐẸP | B85: 101992 | C85: 4560119226686 | D85: MOIST DIANE- Sữa tắm dưỡng ẩm hương cam quýt | E85: 205000 | F85: -1 | G85: 0 | H85: 1 | J85: 29/12/2025 4:00:32 PM, 04/04/2026, 13/04/2026 8:54:09 AM | K85: =B85 -> 101992 | L85: =A85 -> CHĂM SÓC SẮC ĐẸP | P85: =VLOOKUP(Q85,K:L,2,0) -> ĐỒ CHO MẸ BÉ | Q85: =VLOOKUP(R85,C:K,9,0) -> 121217 | R85: 4973512258190 | S85: =VLOOKUP(R85,C:D,2,0) -> ARAU BABY- Nước rửa bình sữa dạng bọt Chai 500ml | T85: =VLOOKUP(R85,C:E,3,0) -> 199000 | U85: 37 | V85: 35 | W85: -10 | X85: 8 | Y85: =+X85+W85 -> -2 | Z85: =+Y85*T85 -> -398000 | AA85: 05/09/2025, 06/09/2025, 09/09/2025, 11/09/2025, 06/10/2025, 13/10/2025, 21/10/2025
A86: CHĂM SÓC SẮC ĐẸP | B86: 102010 | C86: 4901525011686 | D86: COW- Sữa tắm bọt mịn dịu nhẹ cam chanh 500ml | E86: 139000 | F86: 20 | G86: 19 | H86: -1 | J86: 17/01/2026, 06/02/2026 | K86: =B86 -> 102010 | L86: =A86 -> CHĂM SÓC SẮC ĐẸP | P86: =VLOOKUP(Q86,K:L,2,0) -> ĐỒ CHO MẸ BÉ | Q86: =VLOOKUP(R86,C:K,9,0) -> 121223 | R86: 4987493005117 | S86: =VLOOKUP(R86,C:D,2,0) -> BEANSTALK- Bánh gạo bổ sung canxi 6 tháng (20g) | T86: =VLOOKUP(R86,C:E,3,0) -> 69000 | U86: -7 | V86: 2 | W86: 7 | X86: 2 | Y86: =+X86+W86 -> 9 | Z86: =+Y86*T86 -> 621000 | AA86: 13/01/2026, 16/03/2026, 04/04/2026, 06/04/2026 8:51:40 AM, 09/04/2026, 10/04/2026 10:54:24 AM, 04/05/2026, 06/05/2026
A87: CHĂM SÓC SẮC ĐẸP | B87: 102010 | C87: 4901525011686 | D87: COW- Sữa tắm bọt mịn dịu nhẹ cam chanh 500ml | E87: 139000 | F87: 20 | G87: 19 | H87: -1 | J87: 17/01/2026, 06/02/2026 | K87: =B87 -> 102010 | L87: =A87 -> CHĂM SÓC SẮC ĐẸP | P87: =VLOOKUP(Q87,K:L,2,0) -> ĐỒ CHO MẸ BÉ | Q87: =VLOOKUP(R87,C:K,9,0) -> 121226 | R87: 4987493005292 | S87: =VLOOKUP(R87,C:D,2,0) -> BEANSTALK- Bánh gạo rong biển tôm 9 tháng 5 góix2c | T87: =VLOOKUP(R87,C:E,3,0) -> 69000 | U87: 0 | V87: 3 | W87: 1 | X87: 2 | Y87: =+X87+W87 -> 3 | Z87: =+Y87*T87 -> 207000 | AA87: 09/01/2026 3:04:24 PM, 13/01/2026, 14/01/2026, 06/05/2026
A88: CHĂM SÓC SẮC ĐẸP | B88: 102010 | C88: 4901525011686 | D88: COW- Sữa tắm bọt mịn dịu nhẹ cam chanh 500ml | E88: 139000 | F88: 15 | G88: 14 | H88: -1 | J88: 17/01/2026, 06/02/2026 | K88: =B88 -> 102010 | L88: =A88 -> CHĂM SÓC SẮC ĐẸP | P88: =VLOOKUP(Q88,K:L,2,0) -> ĐỒ CHO MẸ BÉ | Q88: =VLOOKUP(R88,C:K,9,0) -> 121395 | R88: 4902508139014 | S88: =VLOOKUP(R88,C:D,2,0) -> PIGEON- Bánh ăn dặm canxi bí đỏ khoai lang 7 tháng | T88: =VLOOKUP(R88,C:E,3,0) -> 65000 | U88: 36 | V88: 38 | W88: 0 | X88: 2 | Y88: =+X88+W88 -> 2 | Z88: =+Y88*T88 -> 130000 | AA88: 15/07/2025, 09/01/2026 3:04:24 PM, 10/03/2026, 30/03/2026, 13/04/2026 8:54:09 AM
A89: CHĂM SÓC SẮC ĐẸP | B89: 102013 | C89: 4971710587562 | D89: KOSE- Kem Tay Q10 dưỡng trắng hương đào 80g | E89: 170000 | F89: 6 | G89: 5 | H89: -1 | J89: 24/02/2026, 19/03/2026, 23/03/2026, 24/03/2026 | K89: =B89 -> 102013 | L89: =A89 -> CHĂM SÓC SẮC ĐẸP | P89: =VLOOKUP(Q89,K:L,2,0) -> ĐỒ CHO MẸ BÉ | Q89: =VLOOKUP(R89,C:K,9,0) -> 121486 | R89: 4973512259098 | S89: =VLOOKUP(R89,C:D,2,0) -> ARAU BABY- Sữa tắm gội thảo mộc chai 450ml NEW | T89: =VLOOKUP(R89,C:E,3,0) -> 199000 | U89: 18 | V89: 13 | W89: -1 | X89: -4 | Y89: =+X89+W89 -> -5 | Z89: =+Y89*T89 -> -995000 | AA89: 45951
A90: CHĂM SÓC SẮC ĐẸP | B90: 102013 | C90: 4971710587562 | D90: KOSE- Kem Tay Q10 dưỡng trắng hương đào 80g | E90: 170000 | F90: 5 | G90: 4 | H90: -1 | J90: 24/02/2026, 19/03/2026, 23/03/2026, 24/03/2026 | K90: =B90 -> 102013 | L90: =A90 -> CHĂM SÓC SẮC ĐẸP | P90: =VLOOKUP(Q90,K:L,2,0) -> ĐỒ CHO MẸ BÉ | Q90: =VLOOKUP(R90,C:K,9,0) -> 121489 | R90: 1218002212003 | S90: =VLOOKUP(R90,C:D,2,0) -> MOONY- Giấy ướt 76 tờ | T90: =VLOOKUP(R90,C:E,3,0) -> 35000 | U90: 95 | V90: 97 | W90: -7 | X90: 9 | Y90: =+X90+W90 -> 2 | Z90: =+Y90*T90 -> 70000 | AA90: 13/08/2025, 26/11/2025, 04/12/2025, 09/12/2025, 24/12/2025 2:37:59 PM, 29/12/2025 4:00:32 PM
A91: CHĂM SÓC SẮC ĐẸP | B91: 102013 | C91: 4971710587562 | D91: KOSE- Kem Tay Q10 dưỡng trắng hương đào 80g | E91: 170000 | F91: 8 | G91: 7 | H91: -1 | J91: 24/02/2026, 19/03/2026, 23/03/2026, 24/03/2026 | K91: =B91 -> 102013 | L91: =A91 -> CHĂM SÓC SẮC ĐẸP | P91: =VLOOKUP(Q91,[1]Sheet0!$F$1:$G$65536,2,0) -> ĐỒ CHO MẸ BÉ | Q91: =VLOOKUP(R91,[1]Sheet0!$C$1:$F$65536,4,0) -> 121516 | R91: 4987244196378 | S91: =VLOOKUP(R91,[1]Sheet0!$C$1:$D$65536,2,0) -> WAKODO- Nước ép trái cây táo bổ sung sắt 125mlx3 | T91: =VLOOKUP(R91,[1]Sheet0!$C$1:$E$65536,3,0) -> 75000 | U91: 5 | V91: 8 | W91: -1 | X91: 4 | Y91: =+X91+W91 -> 3 | Z91: =+Y91*T91 -> 225000 | AA91: 46077
A92: CHĂM SÓC SẮC ĐẸP | B92: 102013 | C92: 4971710587562 | D92: KOSE- Kem Tay Q10 dưỡng trắng hương đào 80g | E92: 170000 | F92: 1 | G92: 0 | H92: -1 | J92: 24/02/2026, 19/03/2026, 23/03/2026, 24/03/2026 | K92: =B92 -> 102013 | L92: =A92 -> CHĂM SÓC SẮC ĐẸP | P92: =VLOOKUP(Q92,K:L,2,0) -> ĐỒ CHO MẸ BÉ | Q92: =VLOOKUP(R92,C:K,9,0) -> 121521 | R92: 4580784260112 | S92: =VLOOKUP(R92,C:D,2,0) -> ANYZOO- Hộp cơm trẻ em màu đỏ | T92: =VLOOKUP(R92,C:E,3,0) -> 250000 | U92: -3 | V92: 0 | W92: 3 | Y92: =+X92+W92 -> 3 | Z92: =+Y92*T92 -> 750000 | AA92: 20/10/2025, 22/10/2025, 31/10/2025
A93: CHĂM SÓC SẮC ĐẸP | B93: 102015 | C93: 4971710587517 | D93: KOSE- Kem Tay Q10 dưỡng ẩm da thường 80g | E93: 170000 | F93: 13 | G93: 14 | I93: 1 | J93: 12/03/2026, 19/03/2026 | K93: =B93 -> 102015 | L93: =A93 -> CHĂM SÓC SẮC ĐẸP | P93: =VLOOKUP(Q93,K:L,2,0) -> ĐỒ CHO MẸ BÉ | Q93: =VLOOKUP(R93,C:K,9,0) -> 121522 | R93: 4580784260129 | S93: =VLOOKUP(R93,C:D,2,0) -> ANYZOO- Hộp cơm màu vàng | T93: =VLOOKUP(R93,C:E,3,0) -> 250000 | U93: 2 | V93: 1 | W93: -1 | Y93: =+X93+W93 -> -1 | Z93: =+Y93*T93 -> -250000 | AA93: 20/10/2025, 22/10/2025, 27/10/2025
A94: CHĂM SÓC SẮC ĐẸP | B94: 102015 | C94: 4971710587517 | D94: KOSE- Kem Tay Q10 dưỡng ẩm da thường 80g | E94: 170000 | F94: 2 | G94: 0 | H94: -2 | J94: 12/03/2026, 19/03/2026 | K94: =B94 -> 102015 | L94: =A94 -> CHĂM SÓC SẮC ĐẸP | P94: =VLOOKUP(Q94,K:L,2,0) -> ĐỒ CHO MẸ BÉ | Q94: =VLOOKUP(R94,C:K,9,0) -> 121523 | R94: 4580784260136 | S94: =VLOOKUP(R94,C:D,2,0) -> ANZYOO - Hộp cơm màu xanh | T94: =VLOOKUP(R94,C:E,3,0) -> 250000 | U94: 7 | V94: 5 | W94: -1 | X94: -1 | Y94: =+X94+W94 -> -2 | Z94: =+Y94*T94 -> -500000 | AA94: 45961
A95: CHĂM SÓC SẮC ĐẸP | B95: 102017 | C95: 4971710587555 | D95: KOSE-Kem tay Q10 Extra Guard Medicated 80g | E95: 170000 | F95: 6 | G95: 8 | I95: 2 | J95: 09/02/2026, 23/02/2026 | K95: =B95 -> 102017 | L95: =A95 -> CHĂM SÓC SẮC ĐẸP | P95: =VLOOKUP(Q95,K:L,2,0) -> ĐỒ CHO MẸ BÉ | Q95: =VLOOKUP(R95,C:K,9,0) -> 121530 | R95: 4901301239983 | S95: =VLOOKUP(R95,C:D,2,0) -> KAO- Giấy ướt cho bé Merries 64m (Tan trong nước) | T95: =VLOOKUP(R95,C:E,3,0) -> 45000 | U95: 40 | V95: 42 | W95: 2 | Y95: =+X95+W95 -> 2 | Z95: =+Y95*T95 -> 90000 | AA95: 26/11/2025, 04/12/2025, 09/12/2025, 24/12/2025 2:37:59 PM, 29/12/2025 4:00:32 PM
A96: CHĂM SÓC SẮC ĐẸP | B96: 102017 | C96: 4971710587555 | D96: KOSE-Kem tay Q10 Extra Guard Medicated 80g | E96: 170000 | F96: 11 | G96: 10 | H96: -1 | J96: 09/02/2026, 23/02/2026 | K96: =B96 -> 102017 | L96: =A96 -> CHĂM SÓC SẮC ĐẸP | P96: =VLOOKUP(Q96,K:L,2,0) -> ĐỒ CHO MẸ BÉ | Q96: =VLOOKUP(R96,C:K,9,0) -> 121537 | R96: 1215002310005 | S96: =VLOOKUP(R96,C:D,2,0) -> MEIJI-Thìa đong sữa bột 40ml | T96: =VLOOKUP(R96,C:E,3,0) -> 15000 | U96: 15 | V96: 8 | W96: -1 | X96: -6 | Y96: =+X96+W96 -> -7 | Z96: =+Y96*T96 -> -105000 | AA96: 45975
A97: CHĂM SÓC SẮC ĐẸP | B97: 102017 | C97: 4971710587555 | D97: KOSE-Kem tay Q10 Extra Guard Medicated 80g | E97: 170000 | F97: 9 | G97: 8 | H97: -1 | J97: 09/02/2026, 23/02/2026 | K97: =B97 -> 102017 | L97: =A97 -> CHĂM SÓC SẮC ĐẸP | P97: =VLOOKUP(Q97,K:L,2,0) -> ĐỒ CHO MẸ BÉ | Q97: =VLOOKUP(R97,C:K,9,0) -> 121539 | R97: 4902105114933 | S97: =VLOOKUP(R97,C:D,2,0) -> NISSIN- Mỳ mug vàng Mr.Mug 94g | T97: =VLOOKUP(R97,C:E,3,0) -> 79000 | U97: 278 | V97: 274 | W97: -4 | Y97: =+X97+W97 -> -4 | Z97: =+Y97*T97 -> -316000 | AA97: 17/06/2025, 23/06/2025, 14/07/2025, 28/07/2025, 10/11/2025, 23/01/2026, 24/02/2026, 02/03/2026, 04/05/2026
A98: CHĂM SÓC SẮC ĐẸP | B98: 102030 | C98: 4987205100659 | D98: HOYU- Thuốc nhuộm phủ bạc Bigen cho nam màu 05 | E98: 290000 | F98: 21 | G98: 20 | H98: -1 | J98: 24/02/2026, 09/03/2026 | K98: =B98 -> 102030 | L98: =A98 -> CHĂM SÓC SẮC ĐẸP | P98: =VLOOKUP(Q98,K:L,2,0) -> ĐỒ CHO MẸ BÉ | Q98: =VLOOKUP(R98,C:K,9,0) -> 121540 | R98: 4902105114940 | S98: =VLOOKUP(R98,C:D,2,0) -> NISSIN- Mỳ mug trắng Mr.Mug 94g | T98: =VLOOKUP(R98,C:E,3,0) -> 79000 | U98: 61 | V98: 66 | W98: 5 | Y98: =+X98+W98 -> 5 | Z98: =+Y98*T98 -> 395000 | AA98: 23/06/2025, 07/07/2025, 08/07/2025, 14/07/2025, 10/11/2025, 26/12/2025 3:42:55 PM, 23/01/2026, 04/05/2026
A99: CHĂM SÓC SẮC ĐẸP | B99: 102031 | C99: 4987205100666 | D99: HOYU- Thuốc nhuộm phủ bạc Bigen cho nam màu 06 | E99: 290000 | F99: -1 | G99: 0 | H99: 1 | J99: 24/02/2026, 09/03/2026 | K99: =B99 -> 102031 | L99: =A99 -> CHĂM SÓC SẮC ĐẸP | P99: =VLOOKUP(Q99,K:L,2,0) -> ĐỒ CHO MẸ BÉ | Q99: =VLOOKUP(R99,C:K,9,0) -> 121549 | R99: 4901551356461 | S99: =VLOOKUP(R99,C:D,2,0) -> KRACIE - Kẹo thử thách Ramen 32g | T99: =VLOOKUP(R99,C:E,3,0) -> 95000 | U99: 3 | V99: 7 | W99: 4 | Y99: =+X99+W99 -> 4 | Z99: =+Y99*T99 -> 380000 | AA99: 01/07/2025, 02/07/2025, 07/07/2025, 24/11/2025, 02/03/2026, 09/03/2026, 16/03/2026, 19/03/2026
A100: CHĂM SÓC SẮC ĐẸP | B100: 102064 | C100: 4971710573688 | D100: KOSE - Tinh chất chống nắng SPF50+ PA++++ (60g) | E100: 579000 | F100: 1 | G100: 0 | H100: -1 | J100: 25/12/2025 3:20:39 PM, 29/12/2025 4:00:32 PM, 15/04/2026, 28/04/2026 | K100: =B100 -> 102064 | L100: =A100 -> CHĂM SÓC SẮC ĐẸP | P100: =VLOOKUP(Q100,K:L,2,0) -> ĐỒ CHO MẸ BÉ | Q100: =VLOOKUP(R100,C:K,9,0) -> 121551 | R100: 4901551356737 | S100: =VLOOKUP(R100,C:D,2,0) -> KRACIE - Kẹo sáng tạo bánh Kếp 35g | T100: =VLOOKUP(R100,C:E,3,0) -> 95000 | U100: 34 | V100: 35 | W100: -4 | X100: 5 | Y100: =+X100+W100 -> 1 | Z100: =+Y100*T100 -> 95000 | AA100: 02/07/2025, 15/09/2025, 22/10/2025
...

Sheet kk ngày
A1: ngày | B1: ngành | C1: Mã SP | D1: Barcode | E1: Tên SP | F1: Giá bán lẻ | G1: tồn PM | H1: tồn thực tế | I1: =SUBTOTAL(9,I2:I3667) -> 19016640 | K1: sl thừa | L1: giá trị thừa | M1: sl thiếu | N1: giá trị thiếu | P1: siêu thị | Q1: Order_No | R1: Ghi chú | S1: Nguyên nhân | T1: Xác nhận | U1: Hoàn thành | V1: Điều kiện
A2: 45811 | B2: NHÀ CỬA ĐỜI SỐNG | C2: 134213 | D2: 4901329271903 | E2: KANEYO- Nước rửa bát diệt khuẩn hương cam 600ml | F2: 40000 | G2: -3 | H2: 0 | I2: =(H2-G2)*F2 -> 120000 | J2: =VLOOKUP(D2,[1]Sheet0!$C$1:$H$65536,6,0) -> XÀ PHÒNG, CHẤT TẨY RỬA | K2: 3 | L2: 120000 | P2: SKK Trần Đăng Ninh | Q2: GJ-DCXN-2505-000113
A3: 45811 | B3: NHÀ CỬA ĐỜI SỐNG | C3: 134086 | D3: 4978951040788 | E3: MITSUEI- Nước rửa bát diệt khuẩn hương cam 600ml | F3: 40000 | G3: -1 | H3: 0 | I3: =(H3-G3)*F3 -> 40000 | J3: =VLOOKUP(D3,[1]Sheet0!$C$1:$H$65536,6,0) -> XÀ PHÒNG, CHẤT TẨY RỬA | K3: 1 | L3: 40000 | P3: SKK Trần Đăng Ninh | Q3: GJ-DCXN-2505-000113
A4: 45811 | B4: NHÀ CỬA ĐỜI SỐNG | C4: 133600 | D4: 4903367301758 | E4: ROCKET SOAP- Nước rửa bát hương bưởi 600ml | F4: 40000 | G4: 36 | H4: 32 | I4: =(H4-G4)*F4 -> -160000 | J4: =VLOOKUP(D4,[1]Sheet0!$C$1:$H$65536,6,0) -> XÀ PHÒNG, CHẤT TẨY RỬA | M4: -4 | N4: -160000 | P4: SKK Trần Đăng Ninh | Q4: GJ-DCXN-2505-000113 | V4: 0
A5: 45812 | B5: NHÀ CỬA ĐỜI SỐNG | C5: 134086 | D5: 4978951040788 | E5: MITSUEI- Nước rửa bát diệt khuẩn hương cam 600ml | F5: 40000 | G5: -1 | H5: 0 | I5: =(H5-G5)*F5 -> 40000 | J5: =VLOOKUP(D5,[1]Sheet0!$C$1:$H$65536,6,0) -> XÀ PHÒNG, CHẤT TẨY RỬA | K5: 1 | L5: 40000 | P5: SKK Trần Đăng Ninh | Q5: GJ-DCXN-2505-000116
A6: 45812 | B6: NHÀ CỬA ĐỜI SỐNG | C6: 133600 | D6: 4903367301758 | E6: ROCKET SOAP- Nước rửa bát hương bưởi 600ml | F6: 40000 | G6: 37 | H6: 36 | I6: =(H6-G6)*F6 -> -40000 | J6: =VLOOKUP(D6,[1]Sheet0!$C$1:$H$65536,6,0) -> XÀ PHÒNG, CHẤT TẨY RỬA | M6: -1 | N6: -40000 | P6: SKK Trần Đăng Ninh | Q6: GJ-DCXN-2505-000116 | V6: 0
A7: 45813 | B7: NHÀ CỬA ĐỜI SỐNG | C7: 134086 | D7: 4978951040788 | E7: MITSUEI- Nước rửa bát diệt khuẩn hương cam 600ml | F7: 40000 | G7: -1 | H7: 0 | I7: =(H7-G7)*F7 -> 40000 | J7: =VLOOKUP(D7,[1]Sheet0!$C$1:$H$65536,6,0) -> XÀ PHÒNG, CHẤT TẨY RỬA | K7: 1 | L7: 40000 | P7: SKK Trần Đăng Ninh | Q7: GJ-DCXN-2506-000002
A8: 45813 | B8: NHÀ CỬA ĐỜI SỐNG | C8: 133600 | D8: 4903367301758 | E8: ROCKET SOAP- Nước rửa bát hương bưởi 600ml | F8: 40000 | G8: 36 | H8: 35 | I8: =(H8-G8)*F8 -> -40000 | J8: =VLOOKUP(D8,[1]Sheet0!$C$1:$H$65536,6,0) -> XÀ PHÒNG, CHẤT TẨY RỬA | M8: -1 | N8: -40000 | P8: SKK Trần Đăng Ninh | Q8: GJ-DCXN-2506-000002 | V8: 0
A9: 45814 | B9: BỈM | C9: 220046 | D9: 4901301419262 | E9: MERRIES- BỈM QUẦN L 44+6 MIẾNG | F9: 350000 | G9: -1 | H9: 0 | I9: =(H9-G9)*F9 -> 350000 | J9: =VLOOKUP(D9,[1]Sheet0!$C$1:$H$65536,6,0) -> MERRIES | K9: 1 | L9: 350000 | P9: SKK Trần Đăng Ninh | Q9: GJ-DCXN-2506-000004
A10: 45814 | B10: NHÀ CỬA ĐỜI SỐNG | C10: 134086 | D10: 4978951040788 | E10: MITSUEI- Nước rửa bát diệt khuẩn hương cam 600ml | F10: 40000 | G10: -1 | H10: 0 | I10: =(H10-G10)*F10 -> 40000 | J10: =VLOOKUP(D10,[1]Sheet0!$C$1:$H$65536,6,0) -> XÀ PHÒNG, CHẤT TẨY RỬA | K10: 1 | L10: 40000 | P10: SKK Trần Đăng Ninh | Q10: GJ-DCXN-2506-000004
A11: 45814 | B11: BỈM | C11: 220077 | D11: 4901301443014 | E11: MERRIES- BỈM QUẦN XL 38+2 MIẾNG | F11: 350000 | G11: 79 | H11: 78 | I11: =(H11-G11)*F11 -> -350000 | J11: =VLOOKUP(D11,[1]Sheet0!$C$1:$H$65536,6,0) -> MERRIES | M11: -1 | N11: -350000 | P11: SKK Trần Đăng Ninh | Q11: GJ-DCXN-2506-000004 | V11: 0
A12: 45814 | B12: NHÀ CỬA ĐỜI SỐNG | C12: 133600 | D12: 4903367301758 | E12: ROCKET SOAP- Nước rửa bát hương bưởi 600ml | F12: 40000 | G12: 35 | H12: 34 | I12: =(H12-G12)*F12 -> -40000 | J12: =VLOOKUP(D12,[1]Sheet0!$C$1:$H$65536,6,0) -> XÀ PHÒNG, CHẤT TẨY RỬA | M12: -1 | N12: -40000 | P12: SKK Trần Đăng Ninh | Q12: GJ-DCXN-2506-000004 | V12: 0
A13: 45815 | B13: THỜI TRANG | C13: 142585 | D13: 1445002311140 | E13: SKRStep - Giày búp bê Arch Contact Be 24/39194 | F13: 1390000 | G13: -1 | H13: 0 | I13: =(H13-G13)*F13 -> 1390000 | J13: =VLOOKUP(D13,[1]Sheet0!$C$1:$H$65536,6,0) -> GIÀY | K13: 1 | L13: 1390000 | P13: SKK Trần Đăng Ninh | Q13: GJ-DCXN-2506-000006
A14: 45815 | B14: HỆ THỐNG | C14: 180213 | D14: 2025041800006 | E14: SKK - Túi PP dệt size to 42x35x16cm ( new) | F14: 30000 | G14: -1 | H14: 0 | I14: =(H14-G14)*F14 -> 30000 | J14: =VLOOKUP(D14,[1]Sheet0!$C$1:$H$65536,6,0) -> HỆ THỐNG | K14: 1 | L14: 30000 | P14: SKK Trần Đăng Ninh | Q14: GJ-DCXN-2506-000006
A15: 45815 | B15: NHÀ CỬA ĐỜI SỐNG | C15: 170997 | D15: 4549308526455 | E15: PEARL METAL- Chảo chống dính sâu lòng màu cam 24cm | F15: 365000 | G15: -1 | H15: 0 | I15: =(H15-G15)*F15 -> 365000 | J15: =VLOOKUP(D15,[1]Sheet0!$C$1:$H$65536,6,0) -> BẾP VÀ PHÒNG ĂN | K15: 1 | L15: 365000 | P15: SKK Trần Đăng Ninh | Q15: GJ-DCXN-2506-000006
A16: 45815 | B16: BỈM | C16: 220045 | D16: 4901301419255 | E16: MERRIES- BỈM QUẦN M 52+6 MIẾNG | F16: 350000 | G16: -1 | H16: 0 | I16: =(H16-G16)*F16 -> 350000 | J16: =VLOOKUP(D16,[1]Sheet0!$C$1:$H$65536,6,0) -> MERRIES | K16: 1 | L16: 350000 | P16: SKK Trần Đăng Ninh | Q16: GJ-DCXN-2506-000006
A17: 45815 | B17: NHÀ CỬA ĐỜI SỐNG | C17: 131168 | D17: 4904510667851 | E17: DUNLOP- Găng tay cao su nhám, mềm màu hồng size M | F17: 40000 | G17: -1 | H17: 0 | I17: =(H17-G17)*F17 -> 40000 | J17: =VLOOKUP(D17,[1]Sheet0!$C$1:$H$65536,6,0) -> BẾP VÀ PHÒNG ĂN | K17: 1 | L17: 40000 | P17: SKK Trần Đăng Ninh | Q17: GJ-DCXN-2506-000006
A18: 45815 | B18: NHÀ CỬA ĐỜI SỐNG | C18: 134325 | D18: 4549308561562 | E18: SKK- Ấm đun nước ~2.5l | F18: 450000 | G18: -1 | H18: 0 | I18: =(H18-G18)*F18 -> 450000 | J18: =VLOOKUP(D18,[1]Sheet0!$C$1:$H$65536,6,0) -> GIA DỤNG SKK | K18: 1 | L18: 450000 | P18: SKK Trần Đăng Ninh | Q18: GJ-DCXN-2506-000006
A19: 45815 | B19: NHÀ CỬA ĐỜI SỐNG | C19: 134201 | D19: 4987176212597 | E19: P&G- Viên giặt xả 4D Bold hương lavender 32 viên | F19: 205000 | G19: -1 | H19: 0 | I19: =(H19-G19)*F19 -> 205000 | J19: =VLOOKUP(D19,[1]Sheet0!$C$1:$H$65536,6,0) -> GIẶT, XẢ QUẦN ÁO | K19: 1 | L19: 205000 | P19: SKK Trần Đăng Ninh | Q19: GJ-DCXN-2506-000006
A20: 45815 | B20: NHÀ CỬA ĐỜI SỐNG | C20: 134346 | D20: 4987176264732 | E20: P&G- Viên giặt xả 4D hương hoa 31 viên | F20: 205000 | G20: -3 | H20: 0 | I20: =(H20-G20)*F20 -> 615000 | J20: =VLOOKUP(D20,[1]Sheet0!$C$1:$H$65536,6,0) -> GIẶT, XẢ QUẦN ÁO | K20: 3 | L20: 615000 | P20: SKK Trần Đăng Ninh | Q20: GJ-DCXN-2506-000006
A21: 45815 | B21: NGÀNH KHÁC | C21: 178550 | D21: DGMD10090 | E21: Đồng giá 90K | F21: 90000 | G21: -1 | H21: 0 | I21: =(H21-G21)*F21 -> 90000 | J21: =VLOOKUP(D21,[1]Sheet0!$C$1:$H$65536,6,0) -> ĐỒNG GIÁ DATE | K21: 1 | L21: 90000 | P21: SKK Trần Đăng Ninh | Q21: GJ-DCXN-2506-000006
A22: 45815 | B22: THỜI TRANG | C22: 142599 | D22: 1445002311287 | E22: SKRStep - Giày 4cm First Contact Charcoal 24/39520 | F22: 1390000 | G22: 1 | H22: 0 | I22: =(H22-G22)*F22 -> -1390000 | J22: =VLOOKUP(D22,[1]Sheet0!$C$1:$H$65536,6,0) -> GIÀY | M22: -1 | N22: -1390000 | P22: SKK Trần Đăng Ninh | Q22: GJ-DCXN-2506-000006 | V22: 0
A23: 45815 | B23: VĂN PHÒNG PHẨM | C23: 160370 | D23: 2022086666111 | E23: SAKUKO- Túi PP dệt màu xanh size to 42x35x16cm | F23: 30000 | G23: 242 | H23: 241 | I23: =(H23-G23)*F23 -> -30000 | J23: =VLOOKUP(D23,[1]Sheet0!$C$1:$H$65536,6,0) -> ĐỒ DÙNG VPP | M23: -1 | N23: -30000 | P23: SKK Trần Đăng Ninh | Q23: GJ-DCXN-2506-000006 | V23: 0
A24: 45815 | B24: NHÀ CỬA ĐỜI SỐNG | C24: 170993 | D24: 4549308530322 | E24: PEARL METAL-Chảo chống dính sâu lòng màu cam24cm | F24: 345000 | G24: 4 | H24: 3 | I24: =(H24-G24)*F24 -> -345000 | J24: =VLOOKUP(D24,[1]Sheet0!$C$1:$H$65536,6,0) -> BẾP VÀ PHÒNG ĂN | M24: -1 | N24: -345000 | P24: SKK Trần Đăng Ninh | Q24: GJ-DCXN-2506-000006 | V24: 0
A25: 45815 | B25: BỈM | C25: 220077 | D25: 4901301443014 | E25: MERRIES- BỈM QUẦN XL 38+2 MIẾNG | F25: 350000 | G25: 75 | H25: 74 | I25: =(H25-G25)*F25 -> -350000 | J25: =VLOOKUP(D25,[1]Sheet0!$C$1:$H$65536,6,0) -> MERRIES | M25: -1 | N25: -350000 | P25: SKK Trần Đăng Ninh | Q25: GJ-DCXN-2506-000006 | V25: 0
A26: 45815 | B26: NHÀ CỬA ĐỜI SỐNG | C26: 130226 | D26: 4904510887501 | E26: SEIWA PRO- Gang tay cao su size M ( J ) | F26: 40000 | G26: 6 | H26: 5 | I26: =(H26-G26)*F26 -> -40000 | J26: =VLOOKUP(D26,[1]Sheet0!$C$1:$H$65536,6,0) -> BẾP VÀ PHÒNG ĂN | M26: -1 | N26: -40000 | P26: SKK Trần Đăng Ninh | Q26: GJ-DCXN-2506-000006 | V26: 0
A27: 45815 | B27: NHÀ CỬA ĐỜI SỐNG | C27: 134323 | D27: 4930428520414 | E27: SKK- Ấm đun nước ~2.5l | F27: 450000 | G27: 7 | H27: 6 | I27: =(H27-G27)*F27 -> -450000 | J27: =VLOOKUP(D27,[1]Sheet0!$C$1:$H$65536,6,0) -> GIA DỤNG SKK | M27: -1 | N27: -450000 | P27: SKK Trần Đăng Ninh | Q27: GJ-DCXN-2506-000006 | V27: 0
A28: 45815 | B28: NHÀ CỬA ĐỜI SỐNG | C28: 134360 | D28: 4987176264596 | E28: P&G- Viên giặt xả 4D Bold hương lavender 30 viên | F28: 205000 | G28: 143 | H28: 139 | I28: =(H28-G28)*F28 -> -820000 | J28: =VLOOKUP(D28,[1]Sheet0!$C$1:$H$65536,6,0) -> GIẶT, XẢ QUẦN ÁO | M28: -4 | N28: -820000 | P28: SKK Trần Đăng Ninh | Q28: GJ-DCXN-2506-000006 | V28: 0
A29: 45815 | B29: NGÀNH KHÁC | C29: 178590 | D29: DGMD10090N | E29: Đồng giá 90K | F29: 90000 | G29: 7 | H29: 6 | I29: =(H29-G29)*F29 -> -90000 | J29: =VLOOKUP(D29,[1]Sheet0!$C$1:$H$65536,6,0) -> #N/A | M29: -1 | N29: -90000 | P29: SKK Trần Đăng Ninh | Q29: GJ-DCXN-2506-000006 | V29: 0
A30: 45817 | B30: NHÀ CỬA ĐỜI SỐNG | C30: 134290 | D30: 1310072411000 | E30: SKK - Nồi nấu đa năng size 14cm | F30: 500000 | G30: -1 | H30: 0 | I30: =(H30-G30)*F30 -> 500000 | J30: =VLOOKUP(D30,[1]Sheet0!$C$1:$H$65536,6,0) -> GIA DỤNG SKK | K30: 1 | L30: 500000 | P30: SKK Trần Đăng Ninh | Q30: GJ-DCXN-2506-000009
A31: 45817 | B31: THỜI TRANG | C31: 142448 | D31: 1414032300028 | E31: NISHIMATSUYA- Quần Len Nỉ Nhật Bản new | F31: 129000 | G31: -5 | H31: 0 | I31: =(H31-G31)*F31 -> 645000 | J31: =VLOOKUP(D31,[1]Sheet0!$C$1:$H$65536,6,0) -> NSM MÙA ĐÔNG | K31: 5 | L31: 645000 | P31: SKK Trần Đăng Ninh | Q31: GJ-DCXN-2506-000009
A32: 45817 | B32: ĐỒ CHO MẸ BÉ | C32: 120817 | D32: 4987244183675 | E32: WAKODO- Bánh bổ sung DHA cà chua phomai 1 tuổi | F32: 65000 | G32: -1 | H32: 0 | I32: =(H32-G32)*F32 -> 65000 | J32: =VLOOKUP(D32,[1]Sheet0!$C$1:$H$65536,6,0) -> THỰC PHẨM CHO BÉ | K32: 1 | L32: 65000 | P32: SKK Trần Đăng Ninh | Q32: GJ-DCXN-2506-000009
A33: 45817 | B33: NHÀ CỬA ĐỜI SỐNG | C33: 131168 | D33: 4904510667851 | E33: DUNLOP- Găng tay cao su nhám, mềm màu hồng size M | F33: 40000 | G33: -1 | H33: 0 | I33: =(H33-G33)*F33 -> 40000 | J33: =VLOOKUP(D33,[1]Sheet0!$C$1:$H$65536,6,0) -> BẾP VÀ PHÒNG ĂN | K33: 1 | L33: 40000 | P33: SKK Trần Đăng Ninh | Q33: GJ-DCXN-2506-000009
A34: 45817 | B34: NHÀ CỬA ĐỜI SỐNG | C34: 130061 | D34: 4905596005919 | E34: INOMATA- Thớt thái hoa quả màu vàng chanh | F34: 40000 | G34: -1 | H34: 0 | I34: =(H34-G34)*F34 -> 40000 | J34: =VLOOKUP(D34,[1]Sheet0!$C$1:$H$65536,6,0) -> HÀNG ĐỒNG GIÁ 40K | K34: 1 | L34: 40000 | P34: SKK Trần Đăng Ninh | Q34: GJ-DCXN-2506-000009
A35: 45817 | B35: NHÀ CỬA ĐỜI SỐNG | C35: 134267 | D35: 1310072410027 | E35: SKK - Nồi nấu đa năng size 15cm | F35: 500000 | G35: 5 | H35: 4 | I35: =(H35-G35)*F35 -> -500000 | J35: =VLOOKUP(D35,[1]Sheet0!$C$1:$H$65536,6,0) -> GIA DỤNG SKK | M35: -1 | N35: -500000 | P35: SKK Trần Đăng Ninh | Q35: GJ-DCXN-2506-000009 | V35: 0
A36: 45817 | B36: THỜI TRANG | C36: 142806 | D36: 1444032410007 | E36: NISHIMATSUYA- Phụ kiện mùa hè trẻ em new | F36: 129000 | G36: 126 | H36: 121 | I36: =(H36-G36)*F36 -> -645000 | J36: =VLOOKUP(D36,[1]Sheet0!$C$1:$H$65536,6,0) -> NSM MÙA HÈ | M36: -5 | N36: -645000 | P36: SKK Trần Đăng Ninh | Q36: GJ-DCXN-2506-000009 | V36: 0
A37: 45817 | B37: ĐỒ CHO MẸ BÉ | C37: 174172 | D37: 4902508133913 | E37: PIGEON- Bánh ăn dặm cà rốt và rau bina 6 tháng 25g | F37: 65000 | G37: 22 | H37: 21 | I37: =(H37-G37)*F37 -> -65000 | J37: =VLOOKUP(D37,[1]Sheet0!$C$1:$H$65536,6,0) -> THỰC PHẨM CHO BÉ | M37: -1 | N37: -65000 | P37: SKK Trần Đăng Ninh | Q37: GJ-DCXN-2506-000009 | V37: 0
A38: 45817 | B38: NHÀ CỬA ĐỜI SỐNG | C38: 130226 | D38: 4904510887501 | E38: SEIWA PRO- Gang tay cao su size M ( J ) | F38: 40000 | G38: 4 | H38: 3 | I38: =(H38-G38)*F38 -> -40000 | J38: =VLOOKUP(D38,[1]Sheet0!$C$1:$H$65536,6,0) -> BẾP VÀ PHÒNG ĂN | M38: -1 | N38: -40000 | P38: SKK Trần Đăng Ninh | Q38: GJ-DCXN-2506-000009 | V38: 0
A39: 45817 | B39: NHÀ CỬA ĐỜI SỐNG | C39: 130060 | D39: 4905596005803 | E39: INOMATA- Thớt thái rau màu cam | F39: 40000 | G39: 8 | H39: 7 | I39: =(H39-G39)*F39 -> -40000 | J39: =VLOOKUP(D39,[1]Sheet0!$C$1:$H$65536,6,0) -> BẾP VÀ PHÒNG ĂN | M39: -1 | N39: -40000 | P39: SKK Trần Đăng Ninh | Q39: GJ-DCXN-2506-000009 | V39: 0
A40: 45818 | B40: THỜI TRANG | C40: 142448 | D40: 1414032300028 | E40: NISHIMATSUYA- Quần Len Nỉ Nhật Bản new | F40: 129000 | G40: -1 | H40: 0 | I40: =(H40-G40)*F40 -> 129000 | J40: =VLOOKUP(D40,[1]Sheet0!$C$1:$H$65536,6,0) -> NSM MÙA ĐÔNG | K40: 1 | L40: 129000 | P40: SKK Trần Đăng Ninh | Q40: GJ-DCXN-2506-000011
A41: 45818 | B41: THỜI TRANG | C41: 142488 | D41: 1443062308001 | E41: NISHIMATSUYA- Set đồ thu đông trẻ em Nhật Bản | F41: 185000 | G41: -1 | H41: 0 | I41: =(H41-G41)*F41 -> 185000 | J41: =VLOOKUP(D41,[1]Sheet0!$C$1:$H$65536,6,0) -> NSM MÙA ĐÔNG | K41: 1 | L41: 185000 | P41: SKK Trần Đăng Ninh | Q41: GJ-DCXN-2506-000011
A42: 45818 | B42: NHÀ CỬA ĐỜI SỐNG | C42: 134475 | D42: 4901121182889 | E42: NEPIA- Set 5 hộp giấy ăn (300 tờ x 5 hộp) | F42: 120000 | G42: 40 | H42: 50 | I42: =(H42-G42)*F42 -> 1200000 | J42: =VLOOKUP(D42,[1]Sheet0!$C$1:$H$65536,6,0) -> SẢN PHẨM TỪ GIẤY | K42: 10 | L42: 1200000 | P42: SKK Trần Đăng Ninh | Q42: GJ-DCXN-2506-000011 | S42: Support
A43: 45818 | B43: THỜI TRANG | C43: 142806 | D43: 1444032410007 | E43: NISHIMATSUYA- Phụ kiện mùa hè trẻ em new | F43: 129000 | G43: 309 | H43: 308 | I43: =(H43-G43)*F43 -> -129000 | J43: =VLOOKUP(D43,[1]Sheet0!$C$1:$H$65536,6,0) -> NSM MÙA HÈ | M43: -1 | N43: -129000 | P43: SKK Trần Đăng Ninh | Q43: GJ-DCXN-2506-000011 | V43: 0
A44: 45818 | B44: THỜI TRANG | C44: 142813 | D44: 1444042502716 | E44: NISHIMATSUYA- Váy liền thân bé gái | F44: 189000 | G44: 522 | H44: 521 | I44: =(H44-G44)*F44 -> -189000 | J44: =VLOOKUP(D44,[1]Sheet0!$C$1:$H$65536,6,0) -> NSM MÙA HÈ | M44: -1 | N44: -189000 | P44: SKK Trần Đăng Ninh | Q44: GJ-DCXN-2506-000011 | V44: 0
A45: 45818 | B45: NHÀ CỬA ĐỜI SỐNG | C45: 133658 | D45: 4901121181431 | E45: NEPIA- Set hộp giấy ăn hình hoa (300 tờ x 5 hộp) | F45: 120000 | G45: 83 | H45: 73 | I45: =(H45-G45)*F45 -> -1200000 | J45: =VLOOKUP(D45,[1]Sheet0!$C$1:$H$65536,6,0) -> SẢN PHẨM TỪ GIẤY | M45: -10 | N45: -1200000 | P45: SKK Trần Đăng Ninh | Q45: GJ-DCXN-2506-000011 | S45: Support | V45: 0
A46: 45819 | B46: NHÀ CỬA ĐỜI SỐNG | C46: 134475 | D46: 4901121182889 | E46: NEPIA- Set 5 hộp giấy ăn (300 tờ x 5 hộp) | F46: 120000 | G46: -3 | H46: 0 | I46: =(H46-G46)*F46 -> 360000 | J46: =VLOOKUP(D46,[1]Sheet0!$C$1:$H$65536,6,0) -> SẢN PHẨM TỪ GIẤY | K46: 3 | L46: 360000 | P46: SKK Trần Đăng Ninh | Q46: GJ-DCXN-2506-000024
A47: 45819 | B47: VĂN PHÒNG PHẨM | C47: 160363 | D47: 1611022111019 | E47: SAKUKO- Túi giấy hồng 28x22x11cm | F47: 15000 | G47: -32 | H47: 0 | I47: =(H47-G47)*F47 -> 480000 | J47: =VLOOKUP(D47,[1]Sheet0!$C$1:$H$65536,6,0) -> ĐỒ DÙNG VPP | K47: 32 | L47: 480000 | P47: SKK Trần Đăng Ninh | Q47: GJ-DCXN-2506-000024
A48: 45819 | B48: VĂN PHÒNG PHẨM | C48: 160378 | D48: 4945202320102 | E48: SKK-Túi quà size to 20x25x10 cm | F48: 20000 | G48: 40 | H48: 8 | I48: =(H48-G48)*F48 -> -640000 | J48: =VLOOKUP(D48,[1]Sheet0!$C$1:$H$65536,6,0) -> ĐỒ DÙNG VPP | M48: -32 | N48: -640000 | P48: SKK Trần Đăng Ninh | Q48: GJ-DCXN-2506-000024 | V48: 0
A49: 45820 | B49: THỜI TRANG | C49: 142623 | D49: 1445002311522 | E49: SKRStep - Giày mũi vuông AC Đen 23.5/49700 | F49: 1490000 | G49: -2 | H49: 0 | I49: =(H49-G49)*F49 -> 2980000 | J49: =VLOOKUP(D49,[1]Sheet0!$C$1:$H$65536,6,0) -> GIÀY | K49: 2 | L49: 2980000 | P49: SKK Trần Đăng Ninh | Q49: GJ-DCXN-2506-000028
A50: 45820 | B50: THỜI TRANG | C50: 142624 | D50: 1445002311539 | E50: SKRStep - Giày mũi vuông AC Đen 24/49700 | F50: 1490000 | G50: -2 | H50: 0 | I50: =(H50-G50)*F50 -> 2980000 | J50: =VLOOKUP(D50,[1]Sheet0!$C$1:$H$65536,6,0) -> GIÀY | K50: 2 | L50: 2980000 | P50: SKK Trần Đăng Ninh | Q50: GJ-DCXN-2506-000028
A51: 45820 | B51: THỜI TRANG | C51: 142639 | D51: 1445002311683 | E51: SKRStep - Giày vuông cc trơn AC Charcoal 24/49704 | F51: 1990000 | G51: -3 | H51: 0 | I51: =(H51-G51)*F51 -> 5970000 | J51: =VLOOKUP(D51,[1]Sheet0!$C$1:$H$65536,6,0) -> GIÀY | K51: 3 | L51: 5970000 | P51: SKK Trần Đăng Ninh | Q51: GJ-DCXN-2506-000028
A52: 45820 | B52: THỜI TRANG | C52: 142642 | D52: 1445002311713 | E52: SKRStep - Giày vuông cc trơn AC Đen 23/49704 | F52: 1990000 | G52: -1 | H52: 0 | I52: =(H52-G52)*F52 -> 1990000 | J52: =VLOOKUP(D52,[1]Sheet0!$C$1:$H$65536,6,0) -> GIÀY | K52: 1 | L52: 1990000 | P52: SKK Trần Đăng Ninh | Q52: GJ-DCXN-2506-000028
A53: 45820 | B53: NHÀ CỬA ĐỜI SỐNG | C53: 134475 | D53: 4901121182889 | E53: NEPIA- Set 5 hộp giấy ăn (300 tờ x 5 hộp) | F53: 120000 | G53: -4 | H53: 0 | I53: =(H53-G53)*F53 -> 480000 | J53: =VLOOKUP(D53,[1]Sheet0!$C$1:$H$65536,6,0) -> SẢN PHẨM TỪ GIẤY | K53: 4 | L53: 480000 | P53: SKK Trần Đăng Ninh | Q53: GJ-DCXN-2506-000028
A54: 45820 | B54: THỜI TRANG | C54: 142617 | D54: 1445002311461 | E54: SKRStep - Giày mũi mũi vuông AC Bạc 23/49700 | F54: 1490000 | G54: 4 | H54: 0 | I54: =(H54-G54)*F54 -> -5960000 | J54: =VLOOKUP(D54,[1]Sheet0!$C$1:$H$65536,6,0) -> GIÀY | M54: -4 | N54: -5960000 | P54: SKK Trần Đăng Ninh | Q54: GJ-DCXN-2506-000028 | V54: 0
A55: 45820 | B55: THỜI TRANG | C55: 142660 | D55: 1445002311898 | E55: SKRStep- Giày vuông cc trơn AC Đen 24/49704 | F55: 1990000 | G55: 6 | H55: 2 | I55: =(H55-G55)*F55 -> -7960000 | J55: =VLOOKUP(D55,[1]Sheet0!$C$1:$H$65536,6,0) -> GIÀY | M55: -4 | N55: -7960000 | P55: SKK Trần Đăng Ninh | Q55: GJ-DCXN-2506-000028 | V55: 0
A56: 45820 | B56: NHÀ CỬA ĐỜI SỐNG | C56: 133658 | D56: 4901121181431 | E56: NEPIA- Set hộp giấy ăn hình hoa (300 tờ x 5 hộp) | F56: 120000 | G56: 52 | H56: 48 | I56: =(H56-G56)*F56 -> -480000 | J56: =VLOOKUP(D56,[1]Sheet0!$C$1:$H$65536,6,0) -> SẢN PHẨM TỪ GIẤY | M56: -4 | N56: -480000 | P56: SKK Trần Đăng Ninh | Q56: GJ-DCXN-2506-000028 | V56: 0
A57: 45821 | B57: NHÀ CỬA ĐỜI SỐNG | C57: 134475 | D57: 4901121182889 | E57: NEPIA- Set 5 hộp giấy ăn (300 tờ x 5 hộp) | F57: 120000 | G57: -2 | H57: 0 | I57: =(H57-G57)*F57 -> 240000 | J57: =VLOOKUP(D57,[1]Sheet0!$C$1:$H$65536,6,0) -> SẢN PHẨM TỪ GIẤY | K57: 2 | L57: 240000 | P57: SKK Trần Đăng Ninh | Q57: GJ-DCXN-2506-000030
A58: 45821 | B58: THỜI TRANG | C58: 142448 | D58: 1414032300028 | E58: NISHIMATSUYA- Quần Len Nỉ Nhật Bản new | F58: 129000 | G58: -1 | H58: 0 | I58: =(H58-G58)*F58 -> 129000 | J58: =VLOOKUP(D58,[1]Sheet0!$C$1:$H$65536,6,0) -> NSM MÙA ĐÔNG | K58: 1 | L58: 129000 | P58: SKK Trần Đăng Ninh | Q58: GJ-DCXN-2506-000030
A59: 45821 | B59: ĐỒ CHO MẸ BÉ | C59: 120013 | D59: 4901301281623 | E59: KAO- Kem đánh răng cho bé vị dâu 70g | F59: 71000 | G59: -1 | H59: 0 | I59: =(H59-G59)*F59 -> 71000 | J59: =VLOOKUP(D59,[1]Sheet0!$C$1:$H$65536,6,0) -> CHĂM SÓC CƠ THỂ BÉ | K59: 1 | L59: 71000 | P59: SKK Trần Đăng Ninh | Q59: GJ-DCXN-2506-000030
A60: 45821 | B60: NHÀ CỬA ĐỜI SỐNG | C60: 133667 | D60: 4973307463747 | E60: SKATER- Mút rửa bát hình bánh kem 2 chiếc | F60: 40000 | G60: -1 | H60: 0 | I60: =(H60-G60)*F60 -> 40000 | J60: =VLOOKUP(D60,[1]Sheet0!$C$1:$H$65536,6,0) -> BẾP VÀ PHÒNG ĂN | K60: 1 | L60: 40000 | P60: SKK Trần Đăng Ninh | Q60: GJ-DCXN-2506-000030
A61: 45821 | B61: NGÀNH KHÁC | C61: 178568 | D61: DGMH40000 | E61: Đồng giá 40.000 | F61: 40000 | G61: -3 | H61: 0 | I61: =(H61-G61)*F61 -> 120000 | J61: =VLOOKUP(D61,[1]Sheet0!$C$1:$H$65536,6,0) -> ĐỒNG GIÁ MUA HÀNG | K61: 3 | L61: 120000 | P61: SKK Trần Đăng Ninh | Q61: GJ-DCXN-2506-000030
A62: 45821 | B62: NHÀ CỬA ĐỜI SỐNG | C62: 133658 | D62: 4901121181431 | E62: NEPIA- Set hộp giấy ăn hình hoa (300 tờ x 5 hộp) | F62: 120000 | G62: 48 | H62: 46 | I62: =(H62-G62)*F62 -> -240000 | J62: =VLOOKUP(D62,[1]Sheet0!$C$1:$H$65536,6,0) -> SẢN PHẨM TỪ GIẤY | M62: -2 | N62: -240000 | P62: SKK Trần Đăng Ninh | Q62: GJ-DCXN-2506-000030 | V62: 0
A63: 45821 | B63: THỜI TRANG | C63: 142450 | D63: 1414032300042 | E63: NISHIMATSUYA- Quần mùa hè trẻ em Nhật Bản | F63: 129000 | G63: 662 | H63: 661 | I63: =(H63-G63)*F63 -> -129000 | J63: =VLOOKUP(D63,[1]Sheet0!$C$1:$H$65536,6,0) -> NSM MÙA HÈ | M63: -1 | N63: -129000 | P63: SKK Trần Đăng Ninh | Q63: GJ-DCXN-2506-000030 | V63: 0
A64: 45821 | B64: ĐỒ CHO MẸ BÉ | C64: 120014 | D64: 4901301281630 | E64: KAO- Kem đánh răng cho bé vị dưa gang 70g | F64: 71000 | G64: 29 | H64: 28 | I64: =(H64-G64)*F64 -> -71000 | J64: =VLOOKUP(D64,[1]Sheet0!$C$1:$H$65536,6,0) -> CHĂM SÓC CƠ THỂ BÉ | M64: -1 | N64: -71000 | P64: SKK Trần Đăng Ninh | Q64: GJ-DCXN-2506-000030 | V64: 0
A65: 45821 | B65: NHÀ CỬA ĐỜI SỐNG | C65: 133668 | D65: 4973307463778 | E65: SKATER- Mút rửa bát hình kem ốc quế 2 chiếc | F65: 40000 | G65: 11 | H65: 10 | I65: =(H65-G65)*F65 -> -40000 | J65: =VLOOKUP(D65,[1]Sheet0!$C$1:$H$65536,6,0) -> BẾP VÀ PHÒNG ĂN | M65: -1 | N65: -40000 | P65: SKK Trần Đăng Ninh | Q65: GJ-DCXN-2506-000030 | V65: 0
A66: 45821 | B66: NGÀNH KHÁC | C66: 178587 | D66: DGMD10040N | E66: Đồng giá 40K | F66: 40000 | G66: 64 | H66: 61 | I66: =(H66-G66)*F66 -> -120000 | J66: =VLOOKUP(D66,[1]Sheet0!$C$1:$H$65536,6,0) -> #N/A | M66: -3 | N66: -120000 | P66: SKK Trần Đăng Ninh | Q66: GJ-DCXN-2506-000030 | V66: 0
A67: 45824 | B67: THỜI TRANG | C67: 142277 | D67: 1444022204005 | E67: NISHIMATSUYA- Miếng lót cho trẻ sơ sinh thu đông | F67: 50000 | G67: -1 | H67: 0 | I67: =(H67-G67)*F67 -> 50000 | J67: =VLOOKUP(D67,[1]Sheet0!$C$1:$H$65536,6,0) -> NSM MÙA ĐÔNG | K67: 1 | L67: 50000 | P67: SKK Trần Đăng Ninh | Q67: GJ-DCXN-2506-000038
A68: 45824 | B68: NHÀ CỬA ĐỜI SỐNG | C68: 134475 | D68: 4901121182889 | E68: NEPIA- Set 5 hộp giấy ăn (300 tờ x 5 hộp) | F68: 120000 | G68: -18 | H68: 0 | I68: =(H68-G68)*F68 -> 2160000 | J68: =VLOOKUP(D68,[1]Sheet0!$C$1:$H$65536,6,0) -> SẢN PHẨM TỪ GIẤY | K68: 18 | L68: 2160000 | P68: SKK Trần Đăng Ninh | Q68: GJ-DCXN-2506-000038
A69: 45824 | B69: NGÀNH KHÁC | C69: 178550 | D69: DGMD10090 | E69: Đồng giá 90K | F69: 90000 | G69: -1 | H69: 0 | I69: =(H69-G69)*F69 -> 90000 | J69: =VLOOKUP(D69,[1]Sheet0!$C$1:$H$65536,6,0) -> ĐỒNG GIÁ DATE | K69: 1 | L69: 90000 | P69: SKK Trần Đăng Ninh | Q69: GJ-DCXN-2506-000038
A70: 45824 | B70: NGÀNH KHÁC | C70: 178597 | D70: DGMD10099N | E70: Đồng giá 99K | F70: 99000 | G70: -1 | H70: 0 | I70: =(H70-G70)*F70 -> 99000 | J70: =VLOOKUP(D70,[1]Sheet0!$C$1:$H$65536,6,0) -> #N/A | K70: 1 | L70: 99000 | P70: SKK Trần Đăng Ninh | Q70: GJ-DCXN-2506-000038
A71: 45824 | B71: THỜI TRANG | C71: 142806 | D71: 1444032410007 | E71: NISHIMATSUYA- Phụ kiện mùa hè trẻ em new | F71: 129000 | G71: 334 | H71: 333 | I71: =(H71-G71)*F71 -> -129000 | J71: =VLOOKUP(D71,[1]Sheet0!$C$1:$H$65536,6,0) -> NSM MÙA HÈ | M71: -1 | N71: -129000 | P71: SKK Trần Đăng Ninh | Q71: GJ-DCXN-2506-000038 | V71: 0
A72: 45824 | B72: NHÀ CỬA ĐỜI SỐNG | C72: 133658 | D72: 4901121181431 | E72: NEPIA- Set hộp giấy ăn hình hoa (300 tờ x 5 hộp) | F72: 120000 | G72: 38 | H72: 20 | I72: =(H72-G72)*F72 -> -2160000 | J72: =VLOOKUP(D72,[1]Sheet0!$C$1:$H$65536,6,0) -> SẢN PHẨM TỪ GIẤY | M72: -18 | N72: -2160000 | P72: SKK Trần Đăng Ninh | Q72: GJ-DCXN-2506-000038 | V72: 0
A73: 45824 | B73: NGÀNH KHÁC | C73: 178590 | D73: DGMD10090N | E73: Đồng giá 90K | F73: 90000 | G73: 73 | H73: 72 | I73: =(H73-G73)*F73 -> -90000 | J73: =VLOOKUP(D73,[1]Sheet0!$C$1:$H$65536,6,0) -> #N/A | M73: -1 | N73: -90000 | P73: SKK Trần Đăng Ninh | Q73: GJ-DCXN-2506-000038 | V73: 0
A74: 45824 | B74: NGÀNH KHÁC | C74: 178557 | D74: DGMD10099 | E74: Đồng giá 99K | F74: 99000 | G74: 27 | H74: 26 | I74: =(H74-G74)*F74 -> -99000 | J74: =VLOOKUP(D74,[1]Sheet0!$C$1:$H$65536,6,0) -> ĐỒNG GIÁ DATE | M74: -1 | N74: -99000 | P74: SKK Trần Đăng Ninh | Q74: GJ-DCXN-2506-000038 | V74: 0
A75: 45824 | B75: NGÀNH KHÁC | C75: 178605 | D75: DGMD10149N | E75: Đồng giá 149k | F75: 149000 | G75: 12 | H75: 11 | I75: =(H75-G75)*F75 -> -149000 | J75: =VLOOKUP(D75,[1]Sheet0!$C$1:$H$65536,6,0) -> #N/A | M75: -1 | N75: -149000 | P75: SKK Trần Đăng Ninh | Q75: GJ-DCXN-2506-000038 | V75: 0
A76: 45825 | B76: NHÀ CỬA ĐỜI SỐNG | C76: 134475 | D76: 4901121182889 | E76: NEPIA- Set 5 hộp giấy ăn (300 tờ x 5 hộp) | F76: 120000 | G76: -3 | H76: 0 | I76: =(H76-G76)*F76 -> 360000 | J76: =VLOOKUP(D76,[1]Sheet0!$C$1:$H$65536,6,0) -> SẢN PHẨM TỪ GIẤY | K76: 3 | L76: 360000 | P76: SKK Trần Đăng Ninh | Q76: GJ-DCXN-2506-000041
A77: 45825 | B77: NHÀ CỬA ĐỜI SỐNG | C77: 133658 | D77: 4901121181431 | E77: NEPIA- Set hộp giấy ăn hình hoa (300 tờ x 5 hộp) | F77: 120000 | G77: 23 | H77: 20 | I77: =(H77-G77)*F77 -> -360000 | J77: =VLOOKUP(D77,[1]Sheet0!$C$1:$H$65536,6,0) -> SẢN PHẨM TỪ GIẤY | M77: -3 | N77: -360000 | P77: SKK Trần Đăng Ninh | Q77: GJ-DCXN-2506-000041 | V77: 0
A78: 45825 | B78: ĐỒ CHO MẸ BÉ | C78: 121539 | D78: 4902105114933 | E78: NISSIN- Mỳ mug vàng Mr.Mug 94g | F78: 79000 | G78: 20 | H78: 18 | I78: =(H78-G78)*F78 -> -158000 | J78: =VLOOKUP(D78,[1]Sheet0!$C$1:$H$65536,6,0) -> THỰC PHẨM CHO BÉ | M78: -2 | N78: -158000 | P78: SKK Trần Đăng Ninh | Q78: GJ-DCXN-2506-000041 | V78: 0
A79: 45826 | B79: NHÀ CỬA ĐỜI SỐNG | C79: 134475 | D79: 4901121182889 | E79: NEPIA- Set 5 hộp giấy ăn (300 tờ x 5 hộp) | F79: 120000 | G79: -9 | H79: 0 | I79: =(H79-G79)*F79 -> 1080000 | J79: =VLOOKUP(D79,[1]Sheet0!$C$1:$H$65536,6,0) -> SẢN PHẨM TỪ GIẤY | K79: 9 | L79: 1080000 | P79: SKK Trần Đăng Ninh | Q79: GJ-DCXN-2506-000045
A80: 45826 | B80: NHÀ CỬA ĐỜI SỐNG | C80: 130285 | D80: 4901301289599 | E80: KAO- Nước giặt đậm đặc WideHaiter quần áo màu600ml | F80: 100000 | G80: -1 | H80: 0 | I80: =(H80-G80)*F80 -> 100000 | J80: =VLOOKUP(D80,[1]Sheet0!$C$1:$H$65536,6,0) -> GIẶT, XẢ QUẦN ÁO | K80: 1 | L80: 100000 | P80: SKK Trần Đăng Ninh | Q80: GJ-DCXN-2506-000045
A81: 45826 | B81: ĐỒ CHO MẸ BÉ | C81: 121465 | D81: 49840834 | E81: KEWPIE- Rau củ nghiền tổng hợp 7 tháng (70g) | F81: 60000 | G81: -1 | H81: 0 | I81: =(H81-G81)*F81 -> 60000 | J81: =VLOOKUP(D81,[1]Sheet0!$C$1:$H$65536,6,0) -> THỰC PHẨM CHO BÉ | K81: 1 | L81: 60000 | P81: SKK Trần Đăng Ninh | Q81: GJ-DCXN-2506-000045
A82: 45826 | B82: NHÀ CỬA ĐỜI SỐNG | C82: 133658 | D82: 4901121181431 | E82: NEPIA- Set hộp giấy ăn hình hoa (300 tờ x 5 hộp) | F82: 120000 | G82: 15 | H82: 6 | I82: =(H82-G82)*F82 -> -1080000 | J82: =VLOOKUP(D82,[1]Sheet0!$C$1:$H$65536,6,0) -> SẢN PHẨM TỪ GIẤY | M82: -9 | N82: -1080000 | P82: SKK Trần Đăng Ninh | Q82: GJ-DCXN-2506-000045 | V82: 0
A83: 45826 | B83: NHÀ CỬA ĐỜI SỐNG | C83: 134291 | D83: 4901301437525 | E83: KAO- Nước xả vải Flair hương hoa quyến rũ (520ml) | F83: 120000 | G83: 5 | H83: 4 | I83: =(H83-G83)*F83 -> -120000 | J83: =VLOOKUP(D83,[1]Sheet0!$C$1:$H$65536,6,0) -> GIẶT, XẢ QUẦN ÁO | M83: -1 | N83: -120000 | P83: SKK Trần Đăng Ninh | Q83: GJ-DCXN-2506-000045 | V83: 0
A84: 45826 | B84: ĐỒ CHO MẸ BÉ | C84: 121463 | D84: 49842708 | E84: KEWPIE- Bột bắp nghiền Hokkaido 5 tháng (70g) | F84: 60000 | G84: 2 | H84: 1 | I84: =(H84-G84)*F84 -> -60000 | J84: =VLOOKUP(D84,[1]Sheet0!$C$1:$H$65536,6,0) -> THỰC PHẨM CHO BÉ | M84: -1 | N84: -60000 | P84: SKK Trần Đăng Ninh | Q84: GJ-DCXN-2506-000045 | V84: 0
A85: 45828 | B85: NGÀNH KHÁC | C85: 178477 | D85: 1715002308021 | E85: SKK-Gối thương hiệu | F85: 60000 | G85: -1 | H85: 0 | I85: =(H85-G85)*F85 -> 60000 | J85: =VLOOKUP(D85,[1]Sheet0!$C$1:$H$65536,6,0) -> HÀNG MARKETING | K85: 1 | L85: 60000 | P85: SKK Trần Đăng Ninh | Q85: GJ-DCXN-2506-000049
A86: 45828 | B86: THỜI TRANG | C86: 142448 | D86: 1414032300028 | E86: NISHIMATSUYA- Quần Len Nỉ Nhật Bản new | F86: 129000 | G86: -2 | H86: 0 | I86: =(H86-G86)*F86 -> 258000 | J86: =VLOOKUP(D86,[1]Sheet0!$C$1:$H$65536,6,0) -> NSM MÙA ĐÔNG | K86: 2 | L86: 258000 | P86: SKK Trần Đăng Ninh | Q86: GJ-DCXN-2506-000049
A87: 45828 | B87: THỜI TRANG | C87: 142638 | D87: 1445002311676 | E87: SKRStep- Giày vuông cc trơn AC Charcoal 23.5/49704 | F87: 1990000 | G87: -1 | H87: 0 | I87: =(H87-G87)*F87 -> 1990000 | J87: =VLOOKUP(D87,[1]Sheet0!$C$1:$H$65536,6,0) -> GIÀY | K87: 1 | L87: 1990000 | P87: SKK Trần Đăng Ninh | Q87: GJ-DCXN-2506-000049
A88: 45828 | B88: VĂN PHÒNG PHẨM | C88: 160363 | D88: 1611022111019 | E88: SAKUKO- Túi giấy hồng 28x22x11cm | F88: 15000 | G88: -3 | H88: 0 | I88: =(H88-G88)*F88 -> 45000 | J88: =VLOOKUP(D88,[1]Sheet0!$C$1:$H$65536,6,0) -> ĐỒ DÙNG VPP | K88: 3 | L88: 45000 | P88: SKK Trần Đăng Ninh | Q88: GJ-DCXN-2506-000049
A89: 45828 | B89: NHÀ CỬA ĐỜI SỐNG | C89: 134475 | D89: 4901121182889 | E89: NEPIA- Set 5 hộp giấy ăn (300 tờ x 5 hộp) | F89: 120000 | G89: -8 | H89: 0 | I89: =(H89-G89)*F89 -> 960000 | J89: =VLOOKUP(D89,[1]Sheet0!$C$1:$H$65536,6,0) -> SẢN PHẨM TỪ GIẤY | K89: 8 | L89: 960000 | P89: SKK Trần Đăng Ninh | Q89: GJ-DCXN-2506-000049
A90: 45828 | B90: NGÀNH KHÁC | C90: 178597 | D90: DGMD10099N | E90: Đồng giá 99K | F90: 99000 | G90: -1 | H90: 0 | I90: =(H90-G90)*F90 -> 99000 | J90: =VLOOKUP(D90,[1]Sheet0!$C$1:$H$65536,6,0) -> #N/A | K90: 1 | L90: 99000 | P90: SKK Trần Đăng Ninh | Q90: GJ-DCXN-2506-000049
A91: 45828 | B91: NGÀNH KHÁC | C91: 178626 | D91: DGMD10125N | E91: Đồng giá 125K | F91: 125000 | G91: -1 | H91: 0 | I91: =(H91-G91)*F91 -> 125000 | J91: =VLOOKUP(D91,[1]Sheet0!$C$1:$H$65536,6,0) -> #N/A | K91: 1 | L91: 125000 | P91: SKK Trần Đăng Ninh | Q91: GJ-DCXN-2506-000049
A92: 45828 | B92: NGÀNH KHÁC | C92: 178603 | D92: DGMD10149 | E92: Đồng giá 149k | F92: 149000 | G92: -4 | H92: 0 | I92: =(H92-G92)*F92 -> 596000 | J92: =VLOOKUP(D92,[1]Sheet0!$C$1:$H$65536,6,0) -> ĐỒNG GIÁ DATE | K92: 4 | L92: 596000 | P92: SKK Trần Đăng Ninh | Q92: GJ-DCXN-2506-000049
A93: 45828 | B93: NHÀ CỬA ĐỜI SỐNG | C93: 134030 | D93: 1312042305005 | E93: ONISHI IRYO- VỎ GỐI LÀM MÁT 43×63CM | F93: 60000 | G93: 10 | H93: 9 | I93: =(H93-G93)*F93 -> -60000 | J93: =VLOOKUP(D93,[1]Sheet0!$C$1:$H$65536,6,0) -> ĐỒ DÙNG SINH HOẠT GIA ĐÌNH | M93: -1 | N93: -60000 | P93: SKK Trần Đăng Ninh | Q93: GJ-DCXN-2506-000049 | V93: 0
A94: 45828 | B94: THỜI TRANG | C94: 142450 | D94: 1414032300042 | E94: NISHIMATSUYA- Quần mùa hè trẻ em Nhật Bản | F94: 129000 | G94: 1123 | H94: 1121 | I94: =(H94-G94)*F94 -> -258000 | J94: =VLOOKUP(D94,[1]Sheet0!$C$1:$H$65536,6,0) -> NSM MÙA HÈ | M94: -2 | N94: -258000 | P94: SKK Trần Đăng Ninh | Q94: GJ-DCXN-2506-000049 | V94: 0
A95: 45828 | B95: THỜI TRANG | C95: 142660 | D95: 1445002311898 | E95: SKRStep- Giày vuông cc trơn AC Đen 24/49704 | F95: 1990000 | G95: 2 | H95: 1 | I95: =(H95-G95)*F95 -> -1990000 | J95: =VLOOKUP(D95,[1]Sheet0!$C$1:$H$65536,6,0) -> GIÀY | M95: -1 | N95: -1990000 | P95: SKK Trần Đăng Ninh | Q95: GJ-DCXN-2506-000049 | V95: 0
A96: 45828 | B96: VĂN PHÒNG PHẨM | C96: 160369 | D96: 2022087777111 | E96: SAKUKO- Túi PP dệt màu hồng size nhỏ 21x27x15cm | F96: 15000 | G96: 4 | H96: 1 | I96: =(H96-G96)*F96 -> -45000 | J96: =VLOOKUP(D96,[1]Sheet0!$C$1:$H$65536,6,0) -> ĐỒ DÙNG VPP | M96: -3 | N96: -45000 | P96: SKK Trần Đăng Ninh | Q96: GJ-DCXN-2506-000049 | V96: 0
A97: 45828 | B97: NHÀ CỬA ĐỜI SỐNG | C97: 133658 | D97: 4901121181431 | E97: NEPIA- Set hộp giấy ăn hình hoa (300 tờ x 5 hộp) | F97: 120000 | G97: 5 | H97: 0 | I97: =(H97-G97)*F97 -> -600000 | J97: =VLOOKUP(D97,[1]Sheet0!$C$1:$H$65536,6,0) -> SẢN PHẨM TỪ GIẤY | M97: -5 | N97: -600000 | P97: SKK Trần Đăng Ninh | Q97: GJ-DCXN-2506-000049 | V97: 0
A98: 45828 | B98: NHÀ CỬA ĐỜI SỐNG | C98: 130825 | D98: 4901750417352 | E98: CRECIA- Hộp giấy ăn Scottie 200 tờ ( pack 5 hộp) | F98: 125000 | G98: 12 | H98: 9 | I98: =(H98-G98)*F98 -> -375000 | J98: =VLOOKUP(D98,[1]Sheet0!$C$1:$H$65536,6,0) -> SẢN PHẨM TỪ GIẤY | M98: -3 | N98: -375000 | P98: SKK Trần Đăng Ninh | Q98: GJ-DCXN-2506-000049 | V98: 0
A99: 45828 | B99: NGÀNH KHÁC | C99: 178557 | D99: DGMD10099 | E99: Đồng giá 99K | F99: 99000 | G99: 26 | H99: 25 | I99: =(H99-G99)*F99 -> -99000 | J99: =VLOOKUP(D99,[1]Sheet0!$C$1:$H$65536,6,0) -> ĐỒNG GIÁ DATE | M99: -1 | N99: -99000 | P99: SKK Trần Đăng Ninh | Q99: GJ-DCXN-2506-000049 | V99: 0
A100: 45828 | B100: NGÀNH KHÁC | C100: 178563 | D100: DGMD10125 | E100: Đồng giá 125K | F100: 125000 | G100: 12 | H100: 11 | I100: =(H100-G100)*F100 -> -125000 | J100: =VLOOKUP(D100,[1]Sheet0!$C$1:$H$65536,6,0) -> ĐỒNG GIÁ DATE | M100: -1 | N100: -125000 | P100: SKK Trần Đăng Ninh | Q100: GJ-DCXN-2506-000049 | V100: 0
...

Sheet Sheet3
A1: Ngành | B1: Mã hàng | C1: Barcode | D1: Tên SP | E1: Giá | F1: Mã hàng | G1: Ngành | H1: sau | I1: tr | J1: Loại | O1: Ngành | P1: Mã hàng | Q1: Barcode | R1: Tên SP | S1: Giá | T1: Mã hàng | U1: Ngành | V1: sau | W1: trc
A2: THỰC PHẨM | B2: 154314 | C2: 4518083009101 | D2: KIMIBANDAI- Rượu Mơ 300ml | E2: 232000 | F2: 98 | G2: 84 | I2: -14 | J2: 17/01/2026, 21/01/2026, 29/01/2026, 07/02/2026, 26/02/2026 | K2: =B2 -> 154314 | L2: =A2 -> THỰC PHẨM | M2: =+I2+H2 -> -14 | N2: =+M2*E2 -> -3248000 | O2: =VLOOKUP(P2,K:L,2,0) -> THỰC PHẨM | P2: =VLOOKUP(Q2,C:K,9,0) -> 154314 | Q2: 4518083009101 | R2: =VLOOKUP(Q2,C:D,2,0) -> KIMIBANDAI- Rượu Mơ 300ml | S2: =VLOOKUP(Q2,C:E,3,0) -> 232000 | T2: 751 | U2: 728 | W2: -23 | Y2: =+W2+V2 -> -23 | Z2: =+Y2*S2 -> -5336000 | AA2: 17/01/2026, 21/01/2026, 29/01/2026, 07/02/2026, 26/02/2026
A3: THỰC PHẨM | B3: 153730 | C3: 8938548111006 | D3: SATOEN- Rượu mơ KOMOMO Single Year Umeshu 500ml | E3: 395000 | F3: 70 | G3: 69 | I3: -1 | J3: 14/01/2026, 03/02/2026 | K3: =B3 -> 153730 | L3: =A3 -> THỰC PHẨM | M3: =+I3+H3 -> -1 | N3: =+M3*E3 -> -395000 | O3: =VLOOKUP(P3,K:L,2,0) -> THỰC PHẨM | P3: =VLOOKUP(Q3,C:K,9,0) -> 150038 | Q3: 4905846111261 | R3: =VLOOKUP(Q3,C:D,2,0) -> CHOYA- Rượu mơ Umeshu Kishu 720ml (14 độ) | S3: =VLOOKUP(Q3,C:E,3,0) -> 450000 | T3: 171 | U3: 164 | V3: 0 | W3: -19 | X3: 0 | Y3: =+W3+V3 -> -19 | Z3: =+Y3*S3 -> -8550000 | AA3: 02/03/2026, 04/05/2026
A4: THỰC PHẨM | B4: 154314 | C4: 4518083009101 | D4: KIMIBANDAI- Rượu Mơ 300ml | E4: 232000 | F4: 216 | G4: 208 | I4: -8 | J4: 17/01/2026, 21/01/2026, 29/01/2026, 07/02/2026, 26/02/2026 | K4: =B4 -> 154314 | L4: =A4 -> THỰC PHẨM | M4: =+I4+H4 -> -8 | N4: =+M4*E4 -> -1856000 | O4: =VLOOKUP(P4,K:L,2,0) -> THỰC PHẨM | P4: =VLOOKUP(Q4,C:K,9,0) -> 153807 | Q4: 4904046079753 | R4: =VLOOKUP(Q4,C:D,2,0) -> NAKATA - Rượu mơ Vàng 720ml | S4: =VLOOKUP(Q4,C:E,3,0) -> 410000 | T4: 81 | U4: 64 | V4: 10 | W4: -27 | X4: 10 | Y4: =+W4+V4 -> -17 | Z4: =+Y4*S4 -> -6970000 | AA4: 11/02/2026, 23/02/2026, 24/02/2026, 02/03/2026, 17/03/2026, 19/03/2026, 23/03/2026, 30/03/2026, 04/05/2026
A5: THỰC PHẨM | B5: 153210 | C5: 8938548111020 | D5: SATOEN- Rượu mơ KOMOMO Soba Shochu 500ml | E5: 385000 | F5: 3 | G5: 0 | I5: -3 | J5: 14/01/2026, 03/02/2026, 24/02/2026 | K5: =B5 -> 153210 | L5: =A5 -> THỰC PHẨM | M5: =+I5+H5 -> -3 | N5: =+M5*E5 -> -1155000 | O5: =VLOOKUP(P5,K:L,2,0) -> THỰC PHẨM | P5: =VLOOKUP(Q5,C:K,9,0) -> 153210 | Q5: 8938548111020 | R5: =VLOOKUP(Q5,C:D,2,0) -> SATOEN- Rượu mơ KOMOMO Soba Shochu 500ml | S5: =VLOOKUP(Q5,C:E,3,0) -> 385000 | T5: 1 | U5: 0 | W5: -1 | Y5: =+W5+V5 -> -1 | Z5: =+Y5*S5 -> -385000 | AA5: 14/01/2026, 03/02/2026, 24/02/2026
A6: THỰC PHẨM | B6: 153729 | C6: 8938548111068 | D6: KOMOMO - Rượu Single Year Umeshu 350ml | E6: 165000 | F6: -8 | G6: 0 | I6: 8 | J6: 21/01/2026, 07/02/2026 | K6: =B6 -> 153729 | L6: =A6 -> THỰC PHẨM | M6: =+I6+H6 -> 8 | N6: =+M6*E6 -> 1320000 | O6: =VLOOKUP(P6,K:L,2,0) -> THỰC PHẨM | P6: =VLOOKUP(Q6,C:K,9,0) -> 173109 | Q6: 4904046081480 | R6: =VLOOKUP(Q6,C:D,2,0) -> NAKATA- Rượu mơ xanh 720ml | S6: =VLOOKUP(Q6,C:E,3,0) -> 395000 | T6: 41 | U6: 40 | V6: 4 | W6: -5 | X6: 4 | Y6: =+W6+V6 -> -1 | Z6: =+Y6*S6 -> -395000 | AA6: 17/03/2026, 19/03/2026, 23/03/2026, 30/03/2026
A7: THỰC PHẨM | B7: 154314 | C7: 4518083009101 | D7: KIMIBANDAI- Rượu Mơ 300ml | E7: 232000 | F7: 58 | G7: 50 | I7: -8 | J7: 17/01/2026, 21/01/2026, 29/01/2026, 07/02/2026, 26/02/2026 | K7: =B7 -> 154314 | L7: =A7 -> THỰC PHẨM | M7: =+I7+H7 -> -8 | N7: =+M7*E7 -> -1856000 | O7: =VLOOKUP(P7,K:L,2,0) -> THỰC PHẨM | P7: =VLOOKUP(Q7,C:K,9,0) -> 230724 | Q7: 4901004039040 | R7: =VLOOKUP(Q7,C:D,2,0) -> ASAHI- Bia STYLE FREE 0 đường 350ml | S7: =VLOOKUP(Q7,C:E,3,0) -> 60000 | T7: 1 | U7: 0 | V7: -1 | X7: -1 | Y7: =+W7+V7 -> -1 | Z7: =+Y7*S7 -> -60000
A8: THỰC PHẨM | B8: 231576 | C8: 4904046080674 | D8: NAKATA - Rượu mơ Umeshu vị mật ong 300ml/10 độ | E8: 235000 | F8: -18 | G8: 0 | I8: 18 | J8: 11/02/2026, 23/02/2026 | K8: =B8 -> 231576 | L8: =A8 -> THỰC PHẨM | M8: =+I8+H8 -> 18 | N8: =+M8*E8 -> 4230000 | O8: =VLOOKUP(P8,K:L,2,0) -> THỰC PHẨM | P8: =VLOOKUP(Q8,C:K,9,0) -> 153235 | Q8: 4905846118543 | R8: =VLOOKUP(Q8,C:D,2,0) -> CHOYA- Rượu mơ Single Year có quả 650ml (15 độ) | S8: =VLOOKUP(Q8,C:E,3,0) -> 690000 | T8: 24 | U8: 23 | V8: -1 | X8: -1 | Y8: =+W8+V8 -> -1 | Z8: =+Y8*S8 -> -690000
A9: THỰC PHẨM | B9: 153807 | C9: 4904046079753 | D9: NAKATA - Rượu mơ Vàng 720ml | E9: 410000 | F9: 62 | G9: 18 | I9: -44 | J9: 11/02/2026, 23/02/2026, 24/02/2026, 02/03/2026, 17/03/2026, 19/03/2026, 23/03/2026, 30/03/2026, 04/05/2026 | K9: =B9 -> 153807 | L9: =A9 -> THỰC PHẨM | M9: =+I9+H9 -> -44 | N9: =+M9*E9 -> -18040000 | O9: =VLOOKUP(P9,K:L,2,0) -> THỰC PHẨM | P9: =VLOOKUP(Q9,C:K,9,0) -> 154418 | Q9: 4905846114897 | R9: =VLOOKUP(Q9,C:D,2,0) -> CHOYA- Rượu Mơ Sữa ong chúa 700ML 17 độ | S9: =VLOOKUP(Q9,C:E,3,0) -> 1050000 | T9: 4 | U9: 3 | V9: -1 | X9: -1 | Y9: =+W9+V9 -> -1 | Z9: =+Y9*S9 -> -1050000
A10: THỰC PHẨM | B10: 231576 | C10: 4904046080674 | D10: NAKATA - Rượu mơ Umeshu vị mật ong 300ml/10 độ | E10: 235000 | F10: -6 | G10: 0 | I10: 6 | J10: 11/02/2026, 23/02/2026 | K10: =B10 -> 231576 | L10: =A10 -> THỰC PHẨM | M10: =+I10+H10 -> 6 | N10: =+M10*E10 -> 1410000 | O10: =VLOOKUP(P10,K:L,2,0) -> THỰC PHẨM | P10: =VLOOKUP(Q10,C:K,9,0) -> 154555 | Q10: 4904046078275 | R10: =VLOOKUP(Q10,C:D,2,0) -> NAKATA– Bộ quà tặng rượu hoàng gia No.9 (500ml×2) | S10: =VLOOKUP(Q10,C:E,3,0) -> 982000 | T10: 4 | U10: 3 | V10: -1 | X10: -1 | Y10: =+W10+V10 -> -1 | Z10: =+Y10*S10 -> -982000
A11: THỰC PHẨM | B11: 153210 | C11: 8938548111020 | D11: SATOEN- Rượu mơ KOMOMO Soba Shochu 500ml | E11: 385000 | F11: -1 | G11: 0 | I11: 1 | J11: 14/01/2026, 03/02/2026, 24/02/2026 | K11: =B11 -> 153210 | L11: =A11 -> THỰC PHẨM | M11: =+I11+H11 -> 1 | N11: =+M11*E11 -> 385000 | O11: =VLOOKUP(P11,K:L,2,0) -> THỰC PHẨM | P11: =VLOOKUP(Q11,C:K,9,0) -> 154422 | Q11: 4904046080483 | R11: =VLOOKUP(Q11,C:D,2,0) -> NAKATA- Rượu Mơ NAKATA KISHU 300ml 8 độ | S11: =VLOOKUP(Q11,C:E,3,0) -> 270000 | T11: 28 | U11: 28 | V11: 8 | W11: -8 | X11: 8 | Y11: =+W11+V11 -> 0 | Z11: =+Y11*S11 -> 0 | AA11: 46079
A12: THỰC PHẨM | B12: 153807 | C12: 4904046079753 | D12: NAKATA - Rượu mơ Vàng 720ml | E12: 410000 | F12: 18 | G12: 12 | I12: -6 | J12: 11/02/2026, 23/02/2026, 24/02/2026, 02/03/2026, 17/03/2026, 19/03/2026, 23/03/2026, 30/03/2026, 04/05/2026 | K12: =B12 -> 153807 | L12: =A12 -> THỰC PHẨM | M12: =+I12+H12 -> -6 | N12: =+M12*E12 -> -2460000 | O12: =VLOOKUP(P12,K:L,2,0) -> THỰC PHẨM | P12: =VLOOKUP(Q12,C:K,9,0) -> 154412 | Q12: 4905846118529 | R12: =VLOOKUP(Q12,C:D,2,0) -> CHOYA- Rượu Mơ Black 700ML 14 độ | S12: =VLOOKUP(Q12,C:E,3,0) -> 490000 | T12: 3 | U12: 4 | V12: 1 | X12: 1 | Y12: =+W12+V12 -> 1 | Z12: =+Y12*S12 -> 490000
A13: THỰC PHẨM | B13: 153210 | C13: 8938548111020 | D13: SATOEN- Rượu mơ KOMOMO Soba Shochu 500ml | E13: 385000 | F13: -1 | G13: 0 | I13: 1 | J13: 14/01/2026, 03/02/2026, 24/02/2026 | K13: =B13 -> 153210 | L13: =A13 -> THỰC PHẨM | M13: =+I13+H13 -> 1 | N13: =+M13*E13 -> 385000 | O13: =VLOOKUP(P13,K:L,2,0) -> THỰC PHẨM | P13: =VLOOKUP(Q13,C:K,9,0) -> 153746 | Q13: 4905846118505 | R13: =VLOOKUP(Q13,C:D,2,0) -> CHOYA- Rượu mơ Umeshu 3 năm 720ml | S13: =VLOOKUP(Q13,C:E,3,0) -> 1500000 | T13: 5 | U13: 6 | V13: 1 | X13: 1 | Y13: =+W13+V13 -> 1 | Z13: =+Y13*S13 -> 1500000
A14: THỰC PHẨM | B14: 153807 | C14: 4904046079753 | D14: NAKATA - Rượu mơ Vàng 720ml | E14: 410000 | F14: 10 | G14: 9 | I14: -1 | J14: 11/02/2026, 23/02/2026, 24/02/2026, 02/03/2026, 17/03/2026, 19/03/2026, 23/03/2026, 30/03/2026, 04/05/2026 | K14: =B14 -> 153807 | L14: =A14 -> THỰC PHẨM | M14: =+I14+H14 -> -1 | N14: =+M14*E14 -> -410000 | O14: =VLOOKUP(P14,K:L,2,0) -> THỰC PHẨM | P14: =VLOOKUP(Q14,C:K,9,0) -> 152821 | Q14: 4978526807129 | R14: =VLOOKUP(Q14,C:D,2,0) -> NAKANO- Rượu mơ Kunizakari 720ml 14 độ | S14: =VLOOKUP(Q14,C:E,3,0) -> 700000 | T14: 16 | U14: 17 | V14: 1 | X14: 1 | Y14: =+W14+V14 -> 1 | Z14: =+Y14*S14 -> 700000
A15: THỰC PHẨM | B15: 154314 | C15: 4518083009101 | D15: KIMIBANDAI- Rượu Mơ 300ml | E15: 232000 | F15: -8 | G15: 0 | I15: 8 | J15: 17/01/2026, 21/01/2026, 29/01/2026, 07/02/2026, 26/02/2026 | K15: =B15 -> 154314 | L15: =A15 -> THỰC PHẨM | M15: =+I15+H15 -> 8 | N15: =+M15*E15 -> 1856000 | O15: =VLOOKUP(P15,K:L,2,0) -> THỰC PHẨM | P15: =VLOOKUP(Q15,C:K,9,0) -> 154554 | Q15: 4904046078695 | R15: =VLOOKUP(Q15,C:D,2,0) -> NAKATA– Bộ quà tặng rượu hoàng gia No.7 (500ml×2) | S15: =VLOOKUP(Q15,C:E,3,0) -> 982000 | T15: 7 | U15: 8 | V15: 1 | X15: 1 | Y15: =+W15+V15 -> 1 | Z15: =+Y15*S15 -> 982000
A16: THỰC PHẨM | B16: 154422 | C16: 4904046080483 | D16: NAKATA- Rượu Mơ NAKATA KISHU 300ml 8 độ | E16: 270000 | F16: 18 | G16: 10 | I16: -8 | J16: 46079 | K16: =B16 -> 154422 | L16: =A16 -> THỰC PHẨM | M16: =+I16+H16 -> -8 | N16: =+M16*E16 -> -2160000 | O16: =VLOOKUP(P16,K:L,2,0) -> THỰC PHẨM | P16: =VLOOKUP(Q16,C:K,9,0) -> 154435 | Q16: 4904046080230 | R16: =VLOOKUP(Q16,C:D,2,0) -> NAKATA- Rượu mơ đỏ Kishu 12 độ | S16: =VLOOKUP(Q16,C:E,3,0) -> 800000 | T16: 29 | U16: 30 | V16: 1 | X16: 1 | Y16: =+W16+V16 -> 1 | Z16: =+Y16*S16 -> 800000
A17: THỰC PHẨM | B17: 153730 | C17: 8938548111006 | D17: SATOEN- Rượu mơ KOMOMO Single Year Umeshu 500ml | E17: 395000 | F17: -3 | G17: 0 | I17: 3 | J17: 14/01/2026, 03/02/2026 | K17: =B17 -> 153730 | L17: =A17 -> THỰC PHẨM | M17: =+I17+H17 -> 3 | N17: =+M17*E17 -> 1185000 | O17: =VLOOKUP(P17,K:L,2,0) -> THỰC PHẨM | P17: =VLOOKUP(Q17,C:K,9,0) -> 153730 | Q17: 8938548111006 | R17: =VLOOKUP(Q17,C:D,2,0) -> SATOEN- Rượu mơ KOMOMO Single Year Umeshu 500ml | S17: =VLOOKUP(Q17,C:E,3,0) -> 395000 | T17: 67 | U17: 69 | W17: 2 | Y17: =+W17+V17 -> 2 | Z17: =+Y17*S17 -> 790000 | AA17: 14/01/2026, 03/02/2026
A18: THỰC PHẨM | B18: 153807 | C18: 4904046079753 | D18: NAKATA - Rượu mơ Vàng 720ml | E18: 410000 | F18: -3 | G18: 12 | I18: 15 | J18: 11/02/2026, 23/02/2026, 24/02/2026, 02/03/2026, 17/03/2026, 19/03/2026, 23/03/2026, 30/03/2026, 04/05/2026 | K18: =B18 -> 153807 | L18: =A18 -> THỰC PHẨM | M18: =+I18+H18 -> 15 | N18: =+M18*E18 -> 6150000 | O18: =VLOOKUP(P18,K:L,2,0) -> THỰC PHẨM | P18: =VLOOKUP(Q18,C:K,9,0) -> 231566 | Q18: 4904046081305 | R18: =VLOOKUP(Q18,C:D,2,0) -> NAKATA - Rượu mơ đỏ Umeshu 300ml/10 độ | S18: =VLOOKUP(Q18,C:E,3,0) -> 235000 | T18: 2 | U18: 4 | V18: 2 | X18: 2 | Y18: =+W18+V18 -> 2 | Z18: =+Y18*S18 -> 470000
A19: THỰC PHẨM | B19: 150038 | C19: 4905846111261 | D19: CHOYA- Rượu mơ Umeshu Kishu 720ml (14 độ) | E19: 450000 | F19: 90 | G19: 75 | I19: -15 | J19: 02/03/2026, 04/05/2026 | K19: =B19 -> 150038 | L19: =A19 -> THỰC PHẨM | M19: =+I19+H19 -> -15 | N19: =+M19*E19 -> -6750000 | O19: =VLOOKUP(P19,K:L,2,0) -> THỰC PHẨM | P19: =VLOOKUP(Q19,C:K,9,0) -> 154434 | Q19: 4904046080223 | R19: =VLOOKUP(Q19,C:D,2,0) -> NAKATA- Rượu mơ trắng Kishu 12 độ | S19: =VLOOKUP(Q19,C:E,3,0) -> 800000 | T19: 44 | U19: 48 | V19: 4 | X19: 4 | Y19: =+W19+V19 -> 4 | Z19: =+Y19*S19 -> 3200000
A20: THỰC PHẨM | B20: 154314 | C20: 4518083009101 | D20: KIMIBANDAI- Rượu Mơ 300ml | E20: 232000 | F20: 387 | G20: 386 | I20: -1 | J20: 17/01/2026, 21/01/2026, 29/01/2026, 07/02/2026, 26/02/2026 | K20: =B20 -> 154314 | L20: =A20 -> THỰC PHẨM | M20: =+I20+H20 -> -1 | N20: =+M20*E20 -> -232000 | O20: =VLOOKUP(P20,K:L,2,0) -> THỰC PHẨM | P20: =VLOOKUP(Q20,C:K,9,0) -> 152656 | Q20: 4904670208376 | R20: =VLOOKUP(Q20,C:D,2,0) -> TAKARA SHUZO- Rượu sake vảy vàng Shouchikubai 300m | S20: =VLOOKUP(Q20,C:E,3,0) -> 275000 | T20: -8 | U20: 0 | W20: 8 | Y20: =+W20+V20 -> 8 | Z20: =+Y20*S20 -> 2200000 | AA20: 46051
A21: THỰC PHẨM | B21: 153729 | C21: 8938548111068 | D21: KOMOMO - Rượu Single Year Umeshu 350ml | E21: 165000 | F21: -1 | G21: 0 | I21: 1 | J21: 21/01/2026, 07/02/2026 | K21: =B21 -> 153729 | L21: =A21 -> THỰC PHẨM | M21: =+I21+H21 -> 1 | N21: =+M21*E21 -> 165000 | O21: =VLOOKUP(P21,K:L,2,0) -> THỰC PHẨM | P21: =VLOOKUP(Q21,C:K,9,0) -> 153729 | Q21: 8938548111068 | R21: =VLOOKUP(Q21,C:D,2,0) -> KOMOMO - Rượu Single Year Umeshu 350ml | S21: =VLOOKUP(Q21,C:E,3,0) -> 165000 | T21: -9 | U21: 0 | W21: 9 | Y21: =+W21+V21 -> 9 | Z21: =+Y21*S21 -> 1485000 | AA21: 21/01/2026, 07/02/2026
A22: THỰC PHẨM | B22: 153728 | C22: 8938548111075 | D22: KOMOMO - Rượu Soba Shochu 350ml | E22: 165000 | F22: -14 | G22: 0 | I22: 14 | J22: 46039 | K22: =B22 -> 153728 | L22: =A22 -> THỰC PHẨM | M22: =+I22+H22 -> 14 | N22: =+M22*E22 -> 2310000 | O22: =VLOOKUP(P22,K:L,2,0) -> THỰC PHẨM | P22: =VLOOKUP(Q22,C:K,9,0) -> 153728 | Q22: 8938548111075 | R22: =VLOOKUP(Q22,C:D,2,0) -> KOMOMO - Rượu Soba Shochu 350ml | S22: =VLOOKUP(Q22,C:E,3,0) -> 165000 | T22: -14 | U22: 0 | W22: 14 | Y22: =+W22+V22 -> 14 | Z22: =+Y22*S22 -> 2310000 | AA22: 46039
A23: THỰC PHẨM | B23: 152656 | C23: 4904670208376 | D23: TAKARA SHUZO- Rượu sake vảy vàng Shouchikubai 300m | E23: 275000 | F23: -8 | G23: 0 | I23: 8 | J23: 46051 | K23: =B23 -> 152656 | L23: =A23 -> THỰC PHẨM | M23: =+I23+H23 -> 8 | N23: =+M23*E23 -> 2200000 | O23: =VLOOKUP(P23,K:L,2,0) -> THỰC PHẨM | P23: =VLOOKUP(Q23,C:K,9,0) -> 231576 | Q23: 4904046080674 | R23: =VLOOKUP(Q23,C:D,2,0) -> NAKATA - Rượu mơ Umeshu vị mật ong 300ml/10 độ | S23: =VLOOKUP(Q23,C:E,3,0) -> 235000 | T23: -24 | U23: 0 | W23: 24 | Y23: =+W23+V23 -> 24 | Z23: =+Y23*S23 -> 5640000 | AA23: 11/02/2026, 23/02/2026
A24: THỰC PHẨM | B24: 153807 | C24: 4904046079753 | D24: NAKATA - Rượu mơ Vàng 720ml | E24: 370000 | F24: -3 | G24: 0 | I24: 3 | J24: 11/02/2026, 23/02/2026, 24/02/2026, 02/03/2026, 17/03/2026, 19/03/2026, 23/03/2026, 30/03/2026, 04/05/2026 | K24: =B24 -> 153807 | L24: =A24 -> THỰC PHẨM | M24: =+I24+H24 -> 3 | N24: =+M24*E24 -> 1110000
A25: THỰC PHẨM | B25: 150038 | C25: 4905846111261 | D25: CHOYA- Rượu mơ Umeshu Kishu 720ml (14 độ) | E25: 450000 | F25: 3 | G25: 0 | I25: -3 | J25: 02/03/2026, 04/05/2026 | K25: =B25 -> 150038 | L25: =A25 -> THỰC PHẨM | M25: =+I25+H25 -> -3 | N25: =+M25*E25 -> -1350000
A26: THỰC PHẨM | B26: 153807 | C26: 4904046079753 | D26: NAKATA - Rượu mơ Vàng 720ml | E26: 370000 | F26: -1 | G26: 0 | I26: 1 | J26: 11/02/2026, 23/02/2026, 24/02/2026, 02/03/2026, 17/03/2026, 19/03/2026, 23/03/2026, 30/03/2026, 04/05/2026 | K26: =B26 -> 153807 | L26: =A26 -> THỰC PHẨM | M26: =+I26+H26 -> 1 | N26: =+M26*E26 -> 370000
A27: THỰC PHẨM | B27: 173109 | C27: 4904046081480 | D27: NAKATA- Rượu mơ xanh 720ml | E27: 395000 | F27: 1 | G27: 0 | I27: -1 | J27: 17/03/2026, 19/03/2026, 23/03/2026, 30/03/2026 | K27: =B27 -> 173109 | L27: =A27 -> THỰC PHẨM | M27: =+I27+H27 -> -1 | N27: =+M27*E27 -> -395000
A28: THỰC PHẨM | B28: 153807 | C28: 4904046079753 | D28: NAKATA - Rượu mơ Vàng 720ml | E28: 370000 | F28: -1 | G28: 0 | I28: 1 | J28: 11/02/2026, 23/02/2026, 24/02/2026, 02/03/2026, 17/03/2026, 19/03/2026, 23/03/2026, 30/03/2026, 04/05/2026 | K28: =B28 -> 153807 | L28: =A28 -> THỰC PHẨM | M28: =+I28+H28 -> 1 | N28: =+M28*E28 -> 370000
A29: THỰC PHẨM | B29: 173109 | C29: 4904046081480 | D29: NAKATA- Rượu mơ xanh 720ml | E29: 395000 | F29: 12 | G29: 11 | I29: -1 | J29: 17/03/2026, 19/03/2026, 23/03/2026, 30/03/2026 | K29: =B29 -> 173109 | L29: =A29 -> THỰC PHẨM | M29: =+I29+H29 -> -1 | N29: =+M29*E29 -> -395000
A30: THỰC PHẨM | B30: 153807 | C30: 4904046079753 | D30: NAKATA - Rượu mơ Vàng 720ml | E30: 370000 | F30: -2 | G30: 0 | I30: 2 | J30: 11/02/2026, 23/02/2026, 24/02/2026, 02/03/2026, 17/03/2026, 19/03/2026, 23/03/2026, 30/03/2026, 04/05/2026 | K30: =B30 -> 153807 | L30: =A30 -> THỰC PHẨM | M30: =+I30+H30 -> 2 | N30: =+M30*E30 -> 740000
A31: THỰC PHẨM | B31: 173109 | C31: 4904046081480 | D31: NAKATA- Rượu mơ xanh 720ml | E31: 395000 | F31: 11 | G31: 9 | I31: -2 | J31: 17/03/2026, 19/03/2026, 23/03/2026, 30/03/2026 | K31: =B31 -> 173109 | L31: =A31 -> THỰC PHẨM | M31: =+I31+H31 -> -2 | N31: =+M31*E31 -> -790000
A32: THỰC PHẨM | B32: 153807 | C32: 4904046079753 | D32: NAKATA - Rượu mơ Vàng 720ml | E32: 370000 | F32: -1 | G32: 0 | I32: 1 | J32: 11/02/2026, 23/02/2026, 24/02/2026, 02/03/2026, 17/03/2026, 19/03/2026, 23/03/2026, 30/03/2026, 04/05/2026 | K32: =B32 -> 153807 | L32: =A32 -> THỰC PHẨM | M32: =+I32+H32 -> 1 | N32: =+M32*E32 -> 370000
A33: THỰC PHẨM | B33: 173109 | C33: 4904046081480 | D33: NAKATA- Rượu mơ xanh 720ml | E33: 395000 | F33: 9 | G33: 8 | I33: -1 | J33: 17/03/2026, 19/03/2026, 23/03/2026, 30/03/2026 | K33: =B33 -> 173109 | L33: =A33 -> THỰC PHẨM | M33: =+I33+H33 -> -1 | N33: =+M33*E33 -> -395000
A34: THỰC PHẨM | B34: 153807 | C34: 4904046079753 | D34: NAKATA - Rượu mơ Vàng 720ml | E34: 370000 | F34: -1 | G34: 0 | I34: 1 | J34: 11/02/2026, 23/02/2026, 24/02/2026, 02/03/2026, 17/03/2026, 19/03/2026, 23/03/2026, 30/03/2026, 04/05/2026 | K34: =B34 -> 153807 | L34: =A34 -> THỰC PHẨM | M34: =+I34+H34 -> 1 | N34: =+M34*E34 -> 370000
A35: THỰC PHẨM | B35: 150038 | C35: 4905846111261 | D35: CHOYA- Rượu mơ Umeshu Kishu 720ml (14 độ) | E35: 450000 | F35: 1 | G35: 0 | I35: -1 | J35: 02/03/2026, 04/05/2026 | K35: =B35 -> 150038 | L35: =A35 -> THỰC PHẨM | M35: =+I35+H35 -> -1 | N35: =+M35*E35 -> -450000
A36: THỰC PHẨM | B36: 230724 | C36: 4901004039040 | D36: ASAHI- Bia STYLE FREE 0 đường 350ml | E36: 60000 | F36: 1 | G36: 0 | H36: -1 | K36: =B36 -> 230724 | L36: =A36 -> THỰC PHẨM | M36: =+I36+H36 -> -1 | N36: =+M36*E36 -> -60000
A37: THỰC PHẨM | B37: 153235 | C37: 4905846118543 | D37: CHOYA- Rượu mơ Single Year có quả 650ml (15 độ) | E37: 690000 | F37: 24 | G37: 23 | H37: -1 | K37: =B37 -> 153235 | L37: =A37 -> THỰC PHẨM | M37: =+I37+H37 -> -1 | N37: =+M37*E37 -> -690000
A38: THỰC PHẨM | B38: 154418 | C38: 4905846114897 | D38: CHOYA- Rượu Mơ Sữa ong chúa 700ML 17 độ | E38: 1050000 | F38: 4 | G38: 3 | H38: -1 | K38: =B38 -> 154418 | L38: =A38 -> THỰC PHẨM | M38: =+I38+H38 -> -1 | N38: =+M38*E38 -> -1050000
A39: THỰC PHẨM | B39: 154555 | C39: 4904046078275 | D39: NAKATA– Bộ quà tặng rượu hoàng gia No.9 (500ml×2) | E39: 982000 | F39: 4 | G39: 3 | H39: -1 | K39: =B39 -> 154555 | L39: =A39 -> THỰC PHẨM | M39: =+I39+H39 -> -1 | N39: =+M39*E39 -> -982000
A40: THỰC PHẨM | B40: 154412 | C40: 4905846118529 | D40: CHOYA- Rượu Mơ Black 700ML 14 độ | E40: 490000 | F40: 3 | G40: 4 | H40: 1 | K40: =B40 -> 154412 | L40: =A40 -> THỰC PHẨM | M40: =+I40+H40 -> 1 | N40: =+M40*E40 -> 490000
A41: THỰC PHẨM | B41: 153746 | C41: 4905846118505 | D41: CHOYA- Rượu mơ Umeshu 3 năm 720ml | E41: 1500000 | F41: 5 | G41: 6 | H41: 1 | K41: =B41 -> 153746 | L41: =A41 -> THỰC PHẨM | M41: =+I41+H41 -> 1 | N41: =+M41*E41 -> 1500000
A42: THỰC PHẨM | B42: 152821 | C42: 4978526807129 | D42: NAKANO- Rượu mơ Kunizakari 720ml 14 độ | E42: 700000 | F42: 16 | G42: 17 | H42: 1 | K42: =B42 -> 152821 | L42: =A42 -> THỰC PHẨM | M42: =+I42+H42 -> 1 | N42: =+M42*E42 -> 700000
A43: THỰC PHẨM | B43: 154554 | C43: 4904046078695 | D43: NAKATA– Bộ quà tặng rượu hoàng gia No.7 (500ml×2) | E43: 982000 | F43: 7 | G43: 8 | H43: 1 | K43: =B43 -> 154554 | L43: =A43 -> THỰC PHẨM | M43: =+I43+H43 -> 1 | N43: =+M43*E43 -> 982000
A44: THỰC PHẨM | B44: 154435 | C44: 4904046080230 | D44: NAKATA- Rượu mơ đỏ Kishu 12 độ | E44: 800000 | F44: 29 | G44: 30 | H44: 1 | K44: =B44 -> 154435 | L44: =A44 -> THỰC PHẨM | M44: =+I44+H44 -> 1 | N44: =+M44*E44 -> 800000
A45: THỰC PHẨM | B45: 231566 | C45: 4904046081305 | D45: NAKATA - Rượu mơ đỏ Umeshu 300ml/10 độ | E45: 235000 | F45: 2 | G45: 4 | H45: 2 | K45: =B45 -> 231566 | L45: =A45 -> THỰC PHẨM | M45: =+I45+H45 -> 2 | N45: =+M45*E45 -> 470000
A46: THỰC PHẨM | B46: 154434 | C46: 4904046080223 | D46: NAKATA- Rượu mơ trắng Kishu 12 độ | E46: 800000 | F46: 44 | G46: 48 | H46: 4 | K46: =B46 -> 154434 | L46: =A46 -> THỰC PHẨM | M46: =+I46+H46 -> 4 | N46: =+M46*E46 -> 3200000
A47: THỰC PHẨM | B47: 173109 | C47: 4904046081480 | D47: NAKATA- Rượu mơ xanh 720ml | E47: 395000 | F47: 8 | G47: 12 | H47: 4 | J47: 17/03/2026, 19/03/2026, 23/03/2026, 30/03/2026 | K47: =B47 -> 173109 | L47: =A47 -> THỰC PHẨM | M47: =+I47+H47 -> 4 | N47: =+M47*E47 -> 1580000
A48: THỰC PHẨM | B48: 154422 | C48: 4904046080483 | D48: NAKATA- Rượu Mơ NAKATA KISHU 300ml 8 độ | E48: 270000 | F48: 10 | G48: 18 | H48: 8 | J48: 46079 | K48: =B48 -> 154422 | L48: =A48 -> THỰC PHẨM | M48: =+I48+H48 -> 8 | N48: =+M48*E48 -> 2160000
A49: THỰC PHẨM | B49: 153807 | C49: 4904046079753 | D49: NAKATA - Rượu mơ Vàng 720ml | E49: 410000 | F49: 3 | G49: 13 | H49: 10 | J49: 11/02/2026, 23/02/2026, 24/02/2026, 02/03/2026, 17/03/2026, 19/03/2026, 23/03/2026, 30/03/2026, 04/05/2026 | K49: =B49 -> 153807 | L49: =A49 -> THỰC PHẨM | M49: =+I49+H49 -> 10 | N49: =+M49*E49 -> 4100000
A50: THỰC PHẨM | B50: 150038 | C50: 4905846111261 | D50: CHOYA- Rượu mơ Umeshu Kishu 720ml (14 độ) | E50: 450000 | F50: 77 | G50: 89 | H50: 12 | J50: 02/03/2026, 04/05/2026 | K50: =B50 -> 150038 | L50: =A50 -> THỰC PHẨM | M50: =+I50+H50 -> 12 | N50: =+M50*E50 -> 5400000

Sheet các mã không điều chỉnhh
J1: Mã hiệu: SBL.KDBL.QT.BM.01.02 Lần ban hành: 01 Ngày ban hành: 22/03/2018
A2: BẢNG CHÊNH LỆCH HÀNG HÓA KIỂM KÊ
A6: STT | B6: Loại Hàng | C6: Mã sản phẩm | D6: Mã Barcode | E6: Tên sản phẩm | F6: Giá bán lẻ | G6: Số lượng tồn phần mềm | H6: Số lượng tồn thực tế | J6: Chênh lệch | N6: Lý do ST giải trình | O6: Ngày điều chỉnh
J7: Chênh lệch thừa | L7: Chênh lệch thiếu
J8: Số lượng | K8: Trị giá thừa | L8: Số lượng | M8: Trị giá thiếu
B9: NGÀNH KHÁC | C9: 178541 | D9: DGMD10025 | E9: Đồng giá 25K | F9: 25000 | G9: 186 | H9: 85 | I9: =+H9-G9 -> -101 | L9: =+H9-G9 -> -101 | M9: =+L9*F9 -> -2525000 | N9: 0
B10: NGÀNH KHÁC | C10: 178548 | D10: DGMD10030 | E10: Đồng giá 30K | F10: 30000 | G10: 280 | H10: 216 | I10: =+H10-G10 -> -64 | L10: =+H10-G10 -> -64 | M10: =+L10*F10 -> -1920000 | N10: 0
B11: THỰC PHẨM | C11: 154026 | D11: 1516032504229 | E11: MEIJI- Bình đựng nước 330ml | F11: 0 | G11: 61 | H11: 0 | I11: =+H11-G11 -> -61 | L11: =+H11-G11 -> -61 | M11: =+L11*F11 -> 0 | N11: Không thiếu hàng. Hàng trong kho không kiểm
B12: ĐỒ CHO MẸ BÉ | C12: 174995 | D12: 4973307464041 | E12: SKATER- Bàn chải Marvel 6~12 tuổi (3 chiếc) | F12: 130000 | G12: 49 | H12: 0 | I12: =+H12-G12 -> -49 | L12: =+H12-G12 -> -49 | M12: =+L12*F12 -> -6370000 | N12: Thừa 4 sp. Thực tế đếm được 53 sp
B13: THỰC PHẨM | C13: 154588 | D13: 041143125762 | E13: SUNMAID- Nho khô túi 170g | F13: 145000 | G13: 44 | H13: 3 | I13: =+H13-G13 -> -41 | L13: =+H13-G13 -> -41 | M13: =+L13*F13 -> -5945000 | N13: Không thiếu hàng. Thực tế có 44 sp
B14: NGÀNH KHÁC | C14: 178566 | D14: DGMH30000 | E14: Đồng giá 30.000 | F14: 30000 | G14: 40 | H14: 6 | I14: =+H14-G14 -> -34 | L14: =+H14-G14 -> -34 | M14: =+L14*F14 -> -1020000 | N14: 0
B15: NGÀNH KHÁC | C15: 178547 | D15: DGMD10040 | E15: Đồng giá 40K | F15: 40000 | G15: 138 | H15: 106 | I15: =+H15-G15 -> -32 | L15: =+H15-G15 -> -32 | M15: =+L15*F15 -> -1280000 | N15: 0
B16: NGÀNH KHÁC | C16: 178564 | D16: DGMH20000 | E16: Đồng giá 20.000 | F16: 20000 | G16: 43 | H16: 13 | I16: =+H16-G16 -> -30 | L16: =+H16-G16 -> -30 | M16: =+L16*F16 -> -600000 | N16: 0
B17: THỰC PHẨM | C17: 152192 | D17: 4902102019187 | E17: COCACOLA- Lon 160ml | F17: 29000 | G17: 28 | H17: 0 | I17: =+H17-G17 -> -28 | L17: =+H17-G17 -> -28 | M17: =+L17*F17 -> -812000 | N17: 0
B18: THỰC PHẨM | C18: 152244 | D18: 4903308014440 | E18: QBB- Phô mai vị việt quất 90g (6 miếng) | F18: 85000 | G18: 92 | H18: 65 | I18: =+H18-G18 -> -27 | L18: =+H18-G18 -> -27 | M18: =+L18*F18 -> -2295000 | N18: 0
B19: THỰC PHẨM | C19: 154456 | D19: 8938558574495 | E19: HARU SAKURA BEEF - Thịt bò thăn ngoại Bít tết 150g | F19: 135000 | G19: 94 | H19: 69 | I19: =+H19-G19 -> -25 | L19: =+H19-G19 -> -25 | M19: =+L19*F19 -> -3375000 | N19: 0
B20: THỰC PHẨM | C20: 152844 | D20: 4901005501515 | E20: GLICO- Bánh socola nhân kem trà xanh 6 chiếc | F20: 95000 | G20: 24 | H20: 0 | I20: =+H20-G20 -> -24 | L20: =+H20-G20 -> -24 | M20: =+L20*F20 -> -2280000 | N20: 0
B21: Sữa | C21: 210031 | D21: 2102042510016 | E21: BEAN STALK- Sữa cho bé từ 9-36 tháng 820g DATE | F21: 445000 | G21: 24 | I21: =+H21-G21 -> -24 | L21: =+H21-G21 -> -24 | M21: =+L21*F21 -> -10680000 | N21: 0
B22: NGÀNH KHÁC | C22: 178580 | D22: DGMD10025N | E22: Đồng giá 25K | F22: 25000 | G22: 50 | H22: 27 | I22: =+H22-G22 -> -23 | L22: =+H22-G22 -> -23 | M22: =+L22*F22 -> -575000 | N22: 0
B23: THỰC PHẨM | C23: 154453 | D23: 4901830356106 | E23: D'ASSES- Bánh quy nhân socola matcha 12 chiếc | F23: 67000 | G23: 22 | H23: 0 | I23: =+H23-G23 -> -22 | L23: =+H23-G23 -> -22 | M23: =+L23*F23 -> -1474000 | N23: 0
B24: CHĂM SÓC HÀNG NGÀY | C24: 110509 | D24: 4901548160064 | E24: KIRIBAI- Miếng giữ nhiệt hình thỏ (10 miếng) | F24: 110000 | G24: 67 | H24: 46 | I24: =+H24-G24 -> -21 | L24: =+H24-G24 -> -21 | M24: =+L24*F24 -> -2310000 | N24: 0
B25: NGÀNH KHÁC | C25: 178590 | D25: DGMD10090N | E25: Đồng giá 90K | F25: 90000 | G25: 21 | H25: 0 | I25: =+H25-G25 -> -21 | L25: =+H25-G25 -> -21 | M25: =+L25*F25 -> -1890000 | N25: 0
B26: NGÀNH KHÁC | C26: 178530 | D26: 1731002405027 | E26: DGMH40000 | F26: 20000 | G26: 20 | H26: 0 | I26: =+H26-G26 -> -20 | L26: =+H26-G26 -> -20 | M26: =+L26*F26 -> -400000 | N26: 0
B27: THỰC PHẨM | C27: 153938 | D27: 4901330748296 | E27: Calbee - Ngũ cốc trái cây 700g | F27: 195000 | G27: 84 | H27: 64 | I27: =+H27-G27 -> -20 | L27: =+H27-G27 -> -20 | M27: =+L27*F27 -> -3900000 | N27: Không thiếu hàng. Thực tế có 84 sp
B28: CHĂM SÓC HÀNG NGÀY | C28: 174300 | D28: 4904453552245 | E28: NISHIWAKI- Bàn chải ngọc trai đen đầu thường- Loại thường | F28: 40000 | G28: 29 | H28: 9 | I28: =+H28-G28 -> -20 | L28: =+H28-G28 -> -20 | M28: =+L28*F28 -> -800000 | N28: 0
B29: NGÀNH KHÁC | C29: 178569 | D29: DGMH50000 | E29: Đồng giá 50.000 | F29: 50000 | G29: 53 | H29: 33 | I29: =+H29-G29 -> -20 | L29: =+H29-G29 -> -20 | M29: =+L29*F29 -> -1000000 | N29: 0
B30: NGÀNH KHÁC | C30: 178572 | D30: DGMH80000 | E30: Đồng giá 80.000 | F30: 80000 | G30: 21 | H30: 2 | I30: =+H30-G30 -> -19 | L30: =+H30-G30 -> -19 | M30: =+L30*F30 -> -1520000 | N30: 0
B31: NGÀNH KHÁC | C31: 178543 | D31: DGMD10069 | E31: Đồng giá 69K | F31: 69000 | G31: 84 | H31: 66 | I31: =+H31-G31 -> -18 | L31: =+H31-G31 -> -18 | M31: =+L31*F31 -> -1242000 | N31: 0
B32: NHÀ CỬA ĐỜI SỐNG | C32: 134100 | D32: 8906081441430 | E32: KAI- Dao nhà bếp lưỡi răng cưa x.da trời 94mm-Slim | F32: 60000 | G32: 18 | H32: 0 | I32: =+H32-G32 -> -18 | L32: =+H32-G32 -> -18 | M32: =+L32*F32 -> -1080000 | N32: Thừa 4 sp. Thwucj tế đếm được 22 sp
B33: THỰC PHẨM | C33: 152887 | D33: 4902888255557 | E33: MORINAGA- Kẹo caramel muối bổ sung khoáng chất 83g | F33: 70000 | G33: 17 | H33: 0 | I33: =+H33-G33 -> -17 | L33: =+H33-G33 -> -17 | M33: =+L33*F33 -> -1190000 | N33: 0
B34: THỰC PHẨM | C34: 154279 | D34: 8938558574464 | E34: SANGEN WAGYU- Thịt bò tam vương bít tết 200g | F34: 145000 | G34: 17 | H34: 0 | I34: =+H34-G34 -> -17 | L34: =+H34-G34 -> -17 | M34: =+L34*F34 -> -2465000 | N34: 0
B35: THỰC PHẨM | C35: 153087 | D35: 4901830351743 | E35: SANRITSU- BÁNH QUY DASSES NHÂN SOCOLA TRẮNG 12 CÁI | F35: 68000 | G35: 16 | H35: 0 | I35: =+H35-G35 -> -16 | L35: =+H35-G35 -> -16 | M35: =+L35*F35 -> -1088000 | N35: 0
B36: NGÀNH KHÁC | C36: 178586 | D36: DGMD10080N | E36: Đồng giá 80K | F36: 80000 | G36: 24 | H36: 8 | I36: =+H36-G36 -> -16 | L36: =+H36-G36 -> -16 | M36: =+L36*F36 -> -1280000 | N36: 0
B37: NHÀ CỬA ĐỜI SỐNG | C37: 134095 | D37: 8906081441263 | E37: KAI- Dao nhà bếp màu xanh lá cây 112mm (Slim pack) | F37: 60000 | G37: 16 | H37: 0 | I37: =+H37-G37 -> -16 | L37: =+H37-G37 -> -16 | M37: =+L37*F37 -> -960000 | N37: Không thiếu hàng. Thực tế đếm được 16sp
B38: THỰC PHẨM | C38: 152241 | D38: 4903308014426 | E38: QBB- Phô mai các loại hạt dinh dưỡng 90g (6 miếng) | F38: 85000 | G38: 88 | H38: 72 | I38: =+H38-G38 -> -16 | L38: =+H38-G38 -> -16 | M38: =+L38*F38 -> -1360000 | N38: 0
B39: THỰC PHẨM | C39: 153768 | D39: 4901111596511 | E39: AFG- Trà Rooibos mật ong 7 gói | F39: 115000 | G39: 25 | H39: 10 | I39: =+H39-G39 -> -15 | L39: =+H39-G39 -> -15 | M39: =+L39*F39 -> -1725000 | N39: 0
B40: ĐỒ CHO MẸ BÉ | C40: 120011 | D40: 4901301245397 | E40: KAO- Bàn chải răng cho bé 7~12 tuổi | F40: 54000 | G40: 15 | H40: 0 | I40: =+H40-G40 -> -15 | L40: =+H40-G40 -> -15 | M40: =+L40*F40 -> -810000 | N40: Không thiếu hàng. Thực tế đếm được 15 sp
B41: CHĂM SÓC SẮC ĐẸP | C41: 102324 | D41: 4973202315035 | E41: S SELECT- Bông tẩy trang hộp 80 miếng | F41: 39000 | G41: 14 | H41: 0 | I41: =+H41-G41 -> -14 | L41: =+H41-G41 -> -14 | M41: =+L41*F41 -> -546000 | N41: 0
B42: NHÀ CỬA ĐỜI SỐNG | C42: 133734 | D42: 4905596185888 | E42: INOMATA- Hộp nhựa đựng thực phẩm 1300ml | F42: 50000 | G42: 14 | H42: 0 | I42: =+H42-G42 -> -14 | L42: =+H42-G42 -> -14 | M42: =+L42*F42 -> -700000 | N42: 0
B43: CHĂM SÓC SẮC ĐẸP | C43: 102020 | D43: 4560119224897 | E43: MOIST DIANE- Dầu xả vào nếp thẳng mượt 450ml | F43: 245000 | G43: 35 | H43: 21 | I43: =+H43-G43 -> -14 | L43: =+H43-G43 -> -14 | M43: =+L43*F43 -> -3430000 | N43: Thiếu 1 sp. Thực tế kiểm được 34sp
B44: NHÀ CỬA ĐỜI SỐNG | C44: 134096 | D44: 8906081441270 | E44: KAI- Dao nhà bếp màu vàng 112mm (Slim pack) | F44: 60000 | G44: 14 | H44: 0 | I44: =+H44-G44 -> -14 | L44: =+H44-G44 -> -14 | M44: =+L44*F44 -> -840000 | N44: 0
B45: THỰC PHẨM | C45: 153688 | D45: 8938548111044 | E45: IZUMI -Nước khoáng Ion Kiềm thiên nhiên | F45: 8000 | G45: 13 | H45: 0 | I45: =+H45-G45 -> -13 | L45: =+H45-G45 -> -13 | M45: =+L45*F45 -> -104000 | N45: 0
B46: THỰC PHẨM | C46: 154538 | D46: 4901050130173 | E46: ITO- Bánh quy kem sococla Languly (6 chiếc) | F46: 45000 | G46: 18 | H46: 5 | I46: =+H46-G46 -> -13 | L46: =+H46-G46 -> -13 | M46: =+L46*F46 -> -585000 | N46: 0
B47: NHÀ CỬA ĐỜI SỐNG | C47: 230982 | D47: 4571113807559 | E47: S SELECT - Nước rửa tay tạo bọt mịn 460ml | F47: 149000 | G47: 13 | H47: 0 | I47: =+H47-G47 -> -13 | L47: =+H47-G47 -> -13 | M47: =+L47*F47 -> -1937000 | N47: 0
B48: THỰC PHẨM | C48: 154470 | D48: 8938558266215 | E48: SATOEN- Hộp trà Sencha Genmai 50g (20 túi x 2.5g) | F48: 155000 | G48: 13 | H48: 0 | I48: =+H48-G48 -> -13 | L48: =+H48-G48 -> -13 | M48: =+L48*F48 -> -2015000 | N48: 0
B49: CHĂM SÓC HÀNG NGÀY | C49: 30045 | D49: 4952130004020 | E49: S SELECT- Bàn chải lông mềm đầu rộng | F49: 59000 | G49: 28 | H49: 15 | I49: =+H49-G49 -> -13 | L49: =+H49-G49 -> -13 | M49: =+L49*F49 -> -767000 | N49: 0
B50: NGÀNH KHÁC | C50: 178542 | D50: DGMD10070 | E50: Đồng giá 70K | F50: 70000 | G50: 49 | H50: 36 | I50: =+H50-G50 -> -13 | L50: =+H50-G50 -> -13 | M50: =+L50*F50 -> -910000 | N50: 0
B51: NHÀ CỬA ĐỜI SỐNG | C51: 130747 | D51: 4984824719811 | E51: PANASONIC- Pin tiểu 2A- 2 pcs | F51: 65000 | G51: 28 | H51: 16 | I51: =+H51-G51 -> -12 | L51: =+H51-G51 -> -12 | M51: =+L51*F51 -> -780000 | N51: 0
B52: CHĂM SÓC SẮC ĐẸP | C52: 102160 | D52: 4901872466313 | E52: SHISEIDO – Kem xả Tsubaki phục hồi bóng mượt 180g | F52: 225000 | G52: 12 | H52: 0 | I52: =+H52-G52 -> -12 | L52: =+H52-G52 -> -12 | M52: =+L52*F52 -> -2700000 | N52: Thiếu 1 sp. Hàng trên quầy chưa đếm 11 sp
B53: CHĂM SÓC SẮC ĐẸP | C53: 102241 | D53: 4550516905550 | E53: SHISEIDO – Dầu xả Tsubaki giảm gãy rụng 450ml | F53: 269000 | G53: 12 | H53: 0 | I53: =+H53-G53 -> -12 | L53: =+H53-G53 -> -12 | M53: =+L53*F53 -> -3228000 | N53: 0
B54: CHĂM SÓC HÀNG NGÀY | C54: 30098 | D54: 4949176220125 | E54: TO-PLAN- Khẩu trang gọng mềm 120 chiếc | F54: 295000 | G54: 23 | H54: 11 | I54: =+H54-G54 -> -12 | L54: =+H54-G54 -> -12 | M54: =+L54*F54 -> -3540000 | N54: 0
B55: ĐỒ CHO MẸ BÉ | C55: 120835 | D55: 4901616214811 | E55: SUNSTAR- Bàn chải đánh răng cho bé từ 6-12 tuổi | F55: 35000 | G55: 12 | H55: 0 | I55: =+H55-G55 -> -12 | L55: =+H55-G55 -> -12 | M55: =+L55*F55 -> -420000 | N55: Không thiếu hàng. Thực tế đếm được 12 sp
B56: NHÀ CỬA ĐỜI SỐNG | C56: 134102 | D56: 8906081441454 | E56: KAI-Dao nhà bếp Hocho lưỡi răng cưa vàng 94mm-Slim | F56: 60000 | G56: 12 | H56: 0 | I56: =+H56-G56 -> -12 | L56: =+H56-G56 -> -12 | M56: =+L56*F56 -> -720000 | N56: Không thiếu hàng. Thực tế đếm được 12sp
B57: THỰC PHẨM | C57: 153326 | D57: 8938558574044 | E57: HARU SAKURA BEEF - Thịt bò thăn ngoại Lúc lắc 200g | F57: 165000 | G57: 221 | H57: 209 | I57: =+H57-G57 -> -12 | L57: =+H57-G57 -> -12 | M57: =+L57*F57 -> -1980000 | N57: 0
B58: THỰC PHẨM | C58: 150350 | D58: 4902777026329 | E58: MEIJI- Socola dâu tây hộp 26 chiếc | F58: 145000 | G58: 46 | H58: 35 | I58: =+H58-G58 -> -11 | L58: =+H58-G58 -> -11 | M58: =+L58*F58 -> -1595000 | N58: 0
B59: THỰC PHẨM | C59: 154495 | D59: 4932123118262 | E59: KANAZAWA KENROKU- Thạch cà phê & pudding xoài 8c | F59: 270000 | G59: 11 | H59: 0 | I59: =+H59-G59 -> -11 | L59: =+H59-G59 -> -11 | M59: =+L59*F59 -> -2970000 | N59: 0
B60: NGÀNH KHÁC | C60: 178587 | D60: DGMD10040N | E60: Đồng giá 40K | F60: 40000 | G60: 85 | H60: 74 | I60: =+H60-G60 -> -11 | L60: =+H60-G60 -> -11 | M60: =+L60*F60 -> -440000 | N60: 0
B61: NGÀNH KHÁC | C61: 178540 | D61: DGMD10060 | E61: Đồng giá 60K | F61: 60000 | G61: 57 | H61: 46 | I61: =+H61-G61 -> -11 | L61: =+H61-G61 -> -11 | M61: =+L61*F61 -> -660000 | N61: 0
B62: NHÀ CỬA ĐỜI SỐNG | C62: 134105 | D62: 8906081441300 | E62: KAI- Dao gọt hoa quả lưỡi răng cưa hồng 112mm-Slim | F62: 60000 | G62: 11 | H62: 0 | I62: =+H62-G62 -> -11 | L62: =+H62-G62 -> -11 | M62: =+L62*F62 -> -660000 | N62: Không thiếu hàng. Thực tế có 11 sp
B63: THỰC PHẨM | C63: 152836 | D63: 4903308060461 | E63: QBB- Phô mai vị Nho Chardonnay 90g (6 miếng) | F63: 85000 | G63: 11 | H63: 0 | I63: =+H63-G63 -> -11 | L63: =+H63-G63 -> -11 | M63: =+L63*F63 -> -935000 | N63: 0
B64: Bỉm | C64: 220077 | D64: 4901301443014 | E64: MERRIES- BỈM QUẦN XL 38+2 MIẾNG | F64: 350000 | G64: 36 | H64: 25 | I64: =+H64-G64 -> -11 | L64: =+H64-G64 -> -11 | M64: =+L64*F64 -> -3850000 | N64: 0
B65: NHÀ CỬA ĐỜI SỐNG | C65: 133466 | D65: 49599121 | E65: KANEYO- Bánh xà phòng nhà bếp hương bạc hà 135g | F65: 45000 | G65: 10 | H65: 0 | I65: =+H65-G65 -> -10 | L65: =+H65-G65 -> -10 | M65: =+L65*F65 -> -450000 | N65: 0
B66: THỰC PHẨM | C66: 153720 | D66: 4903333259267 | E66: LOTTE- Bánh Socola Capuchino Doraemon 37g | F66: 50000 | G66: 10 | H66: 0 | I66: =+H66-G66 -> -10 | L66: =+H66-G66 -> -10 | M66: =+L66*F66 -> -500000 | N66: 0
B67: THỰC PHẨM | C67: 154463 | D67: 8938558266208 | E67: SATOEN- Hộp trà Sencha Special 40g (20 túi x 2g) | F67: 115000 | G67: 10 | H67: 0 | I67: =+H67-G67 -> -10 | L67: =+H67-G67 -> -10 | M67: =+L67*F67 -> -1150000 | N67: 0
B68: THỰC PHẨM | C68: 150812 | D68: 4547894640029 | E68: NABISCO- Hộp bánh quy Rits size L 75 chiếc | F68: 128000 | G68: 10 | H68: 0 | I68: =+H68-G68 -> -10 | L68: =+H68-G68 -> -10 | M68: =+L68*F68 -> -1280000 | N68: 0
B69: CHĂM SÓC SẮC ĐẸP | C69: 101532 | D69: 4901872459957 | E69: SHISEIDO-Kem ủ phục hồi tóc hư tổn Tsubaki 180g | F69: 295000 | G69: 10 | H69: 0 | I69: =+H69-G69 -> -10 | L69: =+H69-G69 -> -10 | M69: =+L69*F69 -> -2950000 | N69: 0
B70: NGÀNH KHÁC | C70: 178592 | D70: DGMD10085N | E70: Đồng giá 85K | F70: 85000 | G70: 10 | H70: 0 | I70: =+H70-G70 -> -10 | L70: =+H70-G70 -> -10 | M70: =+L70*F70 -> -850000 | N70: 0
B71: NGÀNH KHÁC | C71: 178573 | D71: DGMH90000 | E71: Đồng giá 90.000 | F71: 90000 | G71: 13 | H71: 3 | I71: =+H71-G71 -> -10 | L71: =+H71-G71 -> -10 | M71: =+L71*F71 -> -900000 | N71: 0
B72: THỰC PHẨM | C72: 154012 | D72: 4902585004205 | E72: FUTABA- Kem trà sữa | F72: 51000 | G72: 42 | H72: 32 | I72: =+H72-G72 -> -10 | L72: =+H72-G72 -> -10 | M72: =+L72*F72 -> -510000 | N72: 0
B73: THỰC PHẨM | C73: 154637 | D73: 8936069495100 | E73: BVSG- Bánh tuyết đại phúc phúc bồn tử 10 chiếc | F73: 100000 | G73: 10 | H73: 0 | I73: =+H73-G73 -> -10 | L73: =+H73-G73 -> -10 | M73: =+L73*F73 -> -1000000 | N73: Không thiếu hàng. Hàng trưng bày trong tủ đông
B74: Thực phẩm Fresh | C74: 25002 | D74: 25002 | E74: ĐL - Dưa lưới Hami | F74: 80000 | G74: 9.9 | H74: 0 | I74: =+H74-G74 -> -9.9 | L74: =+H74-G74 -> -9.9 | M74: =+L74*F74 -> -792000 | N74: 0
B75: THỰC PHẨM | C75: 154345 | D75: 4901088008505 | E75: EIWA- Kẹo marshmallow vị nho | F75: 45000 | G75: 25 | H75: 16 | I75: =+H75-G75 -> -9 | L75: =+H75-G75 -> -9 | M75: =+L75*F75 -> -405000 | N75: 0
B76: THỰC PHẨM | C76: 153885 | D76: 4903015123763 | E76: YBC - Bánh quy cacao nhân kem 55g | F76: 47000 | G76: 24 | H76: 15 | I76: =+H76-G76 -> -9 | L76: =+H76-G76 -> -9 | M76: =+L76*F76 -> -423000 | N76: 0
